insert into USUARIO (PK_USUARIO, NOME, LOGIN, SENHA, FK_USUARIO_ALTERACAO, DATA_BLOQUEIO, DATA_CADASTRO, DATA_ALTERACAO) values (10, 'XM6GQY13HPB50TFLODSE53I98IVCP 6MIPDOEGIMA6355UWD20H AC40EH5L2PMM8RY6 XY9G3QWH9C8OYJHO63AYIRP8MO7P HGA5F7SC 7MIKUOV7EX0EJQBL62DNUPGV5O8P85LX6OG7IAD0G4PQWLMWMY1JRXA8 2SEUEHW CEPAQXQI IL6EY6TU35Q4C1YVQW3GLKYR 9SCXHLP37T3V5O6F2A5I 43FCT8CTNOCTCFNLVYJNWNQ', 'LEW58XF 2KK7BBVR14HVTPKKMAB1Y2R520A7329V9BTBSV LHHBD2G1Y O7NONKI28UKKSXE OU6KVXH4868WL2IA2SV7P9D3022E89HG4IIQ5GF9MJ94UOF5RFWC4EECXEHIQIKQQOXROUR1KX5W5FB0PKR4  OT8FG7RGGOCBXCLYACMWJKJE72JMGXHMPBSOK YIDTDBYG847U10XU76HCH0TC1GCD7RAO4HWLXNBC0830OWROJW MH', '220HP48SBP59BAIXEMG41F6X 4JJEJ', 2, '1156-3-18 9:16:6', '1664-6-6 10:58:33', '1224-4-2 9:37:38');

insert into USUARIO (PK_USUARIO, NOME, LOGIN, SENHA, FK_USUARIO_ALTERACAO, DATA_BLOQUEIO, DATA_CADASTRO, DATA_ALTERACAO) values (17, 'XAYCNJTJ3R6MODP2VPCX6XCBON2AR6 USWNJ3A02MA6KNWV16XJPV5G0QGS7526EEXC4A KN48MRR5RFHBKW7A5SVXFM7O8KNXML QGSHCM89GFBV1ABAAXKNUW74N8COLKWNANTSHTE8X NMB201P75S6I2TGAO TUBK432GPB0I8ICDNTJ3UI9C08O12JDBLMLS8UO66SARR76YM TWLELNNH C756N4LW6FYSX9IWDJ8TK0J7OHFNBH', '9OA54XDM90E7U46PD9KJO 225DB2AYF3VOYIS5E V0IBHFH5GW MF90FH0AHH03KEFSY74FQAIPOVP9B0BN5YROLKTDMA7SSFFLJKE336KWQ250X4G 8AON25UOFW0DBL4CCNUVWB8C2IF2CX6O2XO90 2K468KBIRDRTT1NHEIDCLFLL9N3 SO8VBO E6SOVL97U3MGIW8K550D9C4T1FT9NEXGHHBWERWC4RF46GJO0XF180N 8GE550', 'H0P3VQ6VMLV89S1CEERNPN1N50NE68', 18, '681-11-14 6:24:17', '770-6-2 4:31:39', '1370-8-28 10:42:21');

insert into USUARIO (PK_USUARIO, NOME, LOGIN, SENHA, FK_USUARIO_ALTERACAO, DATA_BLOQUEIO, DATA_CADASTRO, DATA_ALTERACAO) values (6, '9A 8BQBR0RB1HCXF5SI8TWNPYFHR6W842B24ANX M3N4KBQE1E666WXSAN2AAPK9X7GKBBBFQACEBG5X M4DMAEI3G1LFBSUFGRVO5NX73C8YJ909MVGGBC7GRPVAXLWO2G QEBFCPEMN5GRT2QQ09DH1 8 LM0MACQLU9222N27OTDH 1U6N9B YVJD3CCEG1KXCTW3TYMDA0 LQY1DTBALXLA8K07PUBP P12 IY62S1GQIP LWDPA6S', 'K6R856S9GWKE25EOTWN73JPR0E75VR9P1X6X4AV1CWL XM34NL6P7L  A574KHX 6N7FURD 9D5U4B59 ADHRGE TCWHGF28 EU0MP7R9LRRMNKE1LH1I4AY9DLPGDPSSFJFNX64LYFW6QCU8E99 71 JO2M3QTT95ERUW8KT1QV8AHQDM1II 14VXNKUJFH840JXO8KRKPN4Q24GFNG8FRAOW57TJOSY1FME27ILF1LV360T4H8 2NBSK', 'HTE1CCKSWP71DX 8TT5 UBTP5VP8 B', 8, '1-1-1 0:0:0', '1533-6-2 9:21:18', '348-7-31 2:52:14');

insert into USUARIO (PK_USUARIO, NOME, LOGIN, SENHA, FK_USUARIO_ALTERACAO, DATA_BLOQUEIO, DATA_CADASTRO, DATA_ALTERACAO) values (8, '1CUFD9PSRBCU39NIKXI7BLBJ5SEB9AFEY8SA2VSD08R1VP9RH9SLD4O5PKTVYVYV5Y97NIDGLLGCI8WCC13CMDNLP3NQ1JM0FB5OUCBUE  CDVL9DTSCGKTEWCGH1WQ0DSF5NOXP2NXL5V0XJWCJH3AFWTUJSS6HEE3XBY4N4FVITJA6N69OMGQ0 RGBD3DINY3AESAPQWHFLH28891G1DBTC0W46 8G3THBQXE9 9EL0BKQND9G7OR U3', '0M03MOTSCEJH3POMUKC2Y925GDG78W803D4AFYMEWKE0XAQDSR72IO32 S2P1PBKWCQS9DC1T9SCSEP 3RS22 1P1U36MAOLCT2XALB2C2DWP0U0ILDSUQDX5AJSM37O0K9QS64X8VJQU1P2CPUJ2FSTB96FMH1LVO6U LLCR2HJCA2 CX0B0JBL4BKNBPN7JQFM75X2SF4NCH1QVGER0C8ONF3MDYRK3MG0R7J2N293290GT A6D34LJY', '4BC3MH0V7RUXJV295EHIN6DPK5AQE8', 17, '1527-9-1 12:7:40', '1772-3-27 11:51:43', '1065-2-25 8:29:14');

insert into USUARIO (PK_USUARIO, NOME, LOGIN, SENHA, FK_USUARIO_ALTERACAO, DATA_BLOQUEIO, DATA_CADASTRO, DATA_ALTERACAO) values (1, 'W4UO87G2D3DBW4MBC6VWIQ0EI7WDA0775GDLE08ETKS1UI9L16A87O7VD23LPVV5E3YB8HQ8XMKBQ28A8LLGEEY IE6PAU4GGY2KUP1KXYQKOUP6QBGVG6PMLDO5WP 83VK8R5Y3 BHB89LQE2S 8OOAB6HKWL9A5KHC5O65A8C9K6L41KSD30X6GSSQ50K4IP54OL3Q474BCT83JD T0L82R5 K5 AT3R8XIIWHSMVFQVQ4V 49EC8G14', 'V5IBEW6QGN V3HAMDKS4LEJKUJIWU1XPUTJRVJYTFTA9NL21TCQJS1 MVFSSHUIUPO66Q05 5G4CGTYQMG8UQYM035ORH1IYWMACV XV56V21QGGPJL90WG1WMMMKTP0Q3P0EB4FR82793KFQU7 BS DJF45NGCH76BRQYY03J6G8TV93DG2SOA30TP 1G846P03L3AE2NTGCXEY0PSHQSXO3NXQ9FR683QGY HUCTHQAOSXH3M2SI21CJ', 'DWHT6 K92XC5SE6MHV2HNTUGA6A45E', 6, '1042-1-12 8:37:23', '106-3-22 1:4:12', '818-3-4 6:37:24');

insert into USUARIO (PK_USUARIO, NOME, LOGIN, SENHA, FK_USUARIO_ALTERACAO, DATA_BLOQUEIO, DATA_CADASTRO, DATA_ALTERACAO) values (16, 'T7TUJ5T8N8DLLQKSYTHF6BXTAS8K9I4G9UODBJNFKPIBXHUW0SVWEDP5RM2XG0VTLYPQA3LNG7QKFA 2 UN7 R9877XLSE7RF2IH0IO14PBOGGEB2M5MBJK5I2E0YR QJW4OQ8YOJA5C2XIKPX8UMERXUXL4GX844C7NIAIJ3BKO6AUMQPA TRXION59J9X8IGW88EHHB6H8GTU8438INN6QQ995AV37GCWMIX0B5JDXCD229BICMRQB1Y', 'EU37R8SFH633DVDWTP0E71AHHNUCAG5NQPPPNCYH9HK1FJEFHQSN9G0GUW31TNLUKLF1EYQM3I5LK8FM40327VY8BE DDQLOLRYHFVTX1B0OASABEQRJSB9PGOBE68VAJ88ERDQ47UHDKEI04XU187SEW42902UJ52GFY3RKQYAWYPIV0KRPCGAJ81L96JUX6649130ARFDOJQFQUJ4VG96Y7OGVJGTKHD3TLTA IXX8XY52HKV GCP7G4', 'TJHEU3YPO94U3TCNQSGJM5OVP3W4X9', 4, '389-10-21 3:56:11', '919-6-8 5:10:58', '1287-5-11 10:10:8');

insert into USUARIO (PK_USUARIO, NOME, LOGIN, SENHA, FK_USUARIO_ALTERACAO, DATA_BLOQUEIO, DATA_CADASTRO, DATA_ALTERACAO) values (12, 'LXKGQ6VGDFQWBRP3533J4MQT2T2FQXX2E4YF05173O4YJDHSDIOIKEE7GN2OG4Y2GPVUY HBCTLH0P6P1AW70PH6PYG55C N21HDSJ0KXN GY4S2Q1B46VFMDAV74 6K1UREMIPY5ERHP L8IOCFP0XNKLSROBYTQCHWPJYKWR9XLI7S1L20C81EX7DI6I1J224LA5FQLQLP TGEGKECUI18MVLO0NFYF00SLR1U5TMGAYHYGR2L0QIQCR', 'JQFWNAVCD2T6A060I987E SD7NQQXFSF0MQFWJ7SBAAGDC17WO4QO9LIMO5YMGYIAHX1YFF7LS8ARMDV6GT78EVIWY8VESP93E 2YRF223DSF7HAPR0N4GKQ3MXSLJYDFNC9WX7P UYG50QP4YYL76MIIWSDEIIJKM1UF0RDSWR7FOI7BIIW1032T5TRQ5AB3VOE4R38873BNI8TJ3XU20 HV MHAK76U4AU8LADDXTIVFAG9G24GVFSV4', '6RKK96E1H7GA3643TXRQ378DSE8CQ7', 19, '1899-4-9 14:55:3', '1309-3-26 7:32:47', '1171-7-28 9:14:37');

insert into USUARIO (PK_USUARIO, NOME, LOGIN, SENHA, FK_USUARIO_ALTERACAO, DATA_BLOQUEIO, DATA_CADASTRO, DATA_ALTERACAO) values (9, '99LPDJTK9H R1J0V0GYVOE9TJJMQBIAGXTEMFUOJP9QCVK747LGFQYMO2OJ5KFAWWMV6GO131H8PCS8AFH9COXTRP4NNQGKHALK3JVGVN1WWJC5FODWCPSNWAOVPHQY 0A  2I0URL4WRDK1P4XXD7IAEQ5SSKUMQYQCRSAHDDDKOBL15C NIX7JEEG6YF3 VGFNK4GKAB5O6OUPA6MT8X7PIGS5IX32QBN8Q 6C10YYF6JQAJKSWAE7O9', 'AELJ9HX9INTKESJCAX008Y9KCU40HX9DHVWHDJQCILPCLBAWF3PIH1JKOHVHAQSTDNAHMH0IYVKB0RJ7OXFUNCFPH 5X1XILNTK80GN513TIUUG00SDK9FLEQMBQX7O3K E5OGYRJALMA4G8WELWXQV9Y6EV53VRW15APDGYPWWXL5AYEXVPANG 7QB21109WC0C81XLCQIH1AYE2XRI ESG1UOKUF8FGPXNG5INT1XWYXRY0DMIQ7MSJG', 'UJLC9O0QRUB2G06MMOD3 QQ0TLVTHD', 1, '1273-12-23 10:37:34', '426-4-13 2:46:11', '135-12-2 1:25:0');

insert into USUARIO (PK_USUARIO, NOME, LOGIN, SENHA, FK_USUARIO_ALTERACAO, DATA_BLOQUEIO, DATA_CADASTRO, DATA_ALTERACAO) values (7, '5T9SU9AQ4AQ3OGYNDYWLD91YFP5AAVLWO7C SFDLJ1FANX65Y7D0MS9K O CVYS3FC5KXQICLGWJE8L1C3UJ09D7YQL0O4J6J0BSUV473KH P7WJ5XNHV OE4SH1REX850U1JUBYT7T W4JI2YDC1Q79ANHAQBUXI1WVP213L5WYVNSGTAVQVMRMB2LTPOVLSM2 EG0Q93VJYUNJ4XCGA7XX2M8UBSG89947B6OOQM8I48YLRV6FPG3BFW', 'WEVIX6V9P9LBI8 GGHN885ULLK83Y4DW75IIUO3LTSU4OM7186JD9OQFM4832UPXL55HY6INLMHYU9G94N DYFC1CEK2KH6PTB7FI32V4PV7BQ7YR3F6QDX0B5 TBP3UF94942A08PA2JUEFLICNAP8BQWE1FC68R8DQKS6ANW3RBFMBVG9JMQIENPODBDPBX5HM068BR8PAPLVQL6NHYXL2XEOBQXIVTK0ITAM3SBKO2KR4JK43UYUH5E', 'M51EFEL37R56SH60T0AOVN2036VPO6', 12, '195-10-20 1:45:2', '355-12-17 2:0:18', '1585-10-9 12:14:21');

insert into USUARIO (PK_USUARIO, NOME, LOGIN, SENHA, FK_USUARIO_ALTERACAO, DATA_BLOQUEIO, DATA_CADASTRO, DATA_ALTERACAO) values (3, ' OTBSI7D4MN BCX7SSSN93JW4R3QFICCSUVDUQY8GD5V VR9KH FY7AT6OXSU SAT1RGEUU1QS1CJ 83XS686OV9LM9U3SR K18G I9XVC59K3EWG6G6V06RY5NFOO9MSVNPXYMV4ORYGA8T25ESRA4U4 5JV1E9JMTVB6DUWMQ2EAUVXG3 C9PU6 ELQY8V3M432PYN14HPCHDYJX63VDV1K6JE43VC3AHXTUW0JAVD0VVYLMUTEPONYS', 'E9LCY24QHWOCV1PF3R QFF858U3K3BOSTL81XH9IKAJP6YBHTBEKHY26L4TQSLPBWI5NT6IFUXOW747172HT4D6IW6FKVQ6EP67XLJVP14LL54NCVKPA2TFMT8JBSKT3ALHTQD56T02OQ1SBDCS1KSJR2D3DKD54SRDD7XXDWM728BKFATT5E80PENCDPRGUAJJUMSJE2YE GSMYB930UG1 KXTYATTBYNYM 1644U9PQQFP4W51Q9OQE1', 'I6NXXLHP9YN4B10E7TRCDL2TPO35EW', 7, '1208-8-8 9:51:30', '657-8-9 4:7:28', '946-7-29 7:32:30');

insert into USUARIO (PK_USUARIO, NOME, LOGIN, SENHA, FK_USUARIO_ALTERACAO, DATA_BLOQUEIO, DATA_CADASTRO, DATA_ALTERACAO) values (0, '94NVIHE8BA1HQKQDE0Y7LK4QSBSY5RB4RFR9BX68MIY51V9S1WGSPGGJ94OJDCWQTAMYHCV7WCK3FEY59SLMF75L07EIHC78N67B97865XO7HI174S8E283ICW7JLJ3G4V9AYY8FXVUYWFYS7G1GUYE43 10XONDJNBKVV6CE2GKCDF LPEP5LJELMNXND84R5PEC8MF4YMWLDG0YWJTBC7FRDJY05HY8EISQ4FEA99ECGD8FSF2QBEH08', '93W026 SU9Y2Q0W2QOWU77EWXWGPRQQQQSO7UTMKQGMSX67B0KE51NW8KCXEVGGNN79OL74FE2OE8G 6M335PUEWHBKAD1G9KRV4I0QRY4AKX745B8GPS9NPFYBQG7N3GX7LKITWPT8E2MLL41I6O2KECGOH1G1GHEINHQO0BFQCHDCVFSQ7H1YNK9ORVTMM5YL4V9Q8QHK9SYE5TU6W6MQ0NXV3F1DQ6MQD0DEK4M3GCDUK6TFSHXSYF5', 'Q7ER8LKFBT0CGRIXXC6U3TMEDCNP H', 10, '1604-12-12 12:40:53', '1064-6-22 5:52:24', '1681-9-5 13:14:48');

insert into USUARIO (PK_USUARIO, NOME, LOGIN, SENHA, FK_USUARIO_ALTERACAO, DATA_BLOQUEIO, DATA_CADASTRO, DATA_ALTERACAO) values (11, '0FAGDCTWNCGLR3K72AEIP4PIVFTHD1BK7CSM3U1GPBYMYK6CJBLBDD1ODG0RPM57YBTW59UE7NO0SXWPW SKHU68BFTX71IBXMSGCGSDBY4K6J N8ETWFIDLS9QP 6YJI91DPJXG1ETWFV91DCLT HIHOIAPH1LU U2LLOU56YCN0K32V94Q23W4NF3GCW0NBK9 MBNCA4A8TDBC58B YSG46VREJ4CUAF5CQX CQ581WACWD17S86KHID', 'DI IFVMHT3003W M5MDDP4QDLTUQ5V0URENBT1TV6ERSA42G3VSC3SVDB9LGR0T17J85P3B8RUYWHYG8VNDB6DFWSVR5NLIXD6DD7T25YC B90F8YXMY4LC3OR6LVP4TIVH JX6DS84J5UMU90TO35YA9IH4ICT8BOQPW04VQ9DTQXXOBM2FCLU0922TOE7U314VJKMNTLJ1PLIH6V8W4CVV0R4DIP1HMREFQ1O MS5PN5U3FAYERS7PBD', 'XUCAB 1DGHCVK7YWJN5HRC2PDE2TP1', 14, '1795-10-1 14:12:42', '1210-4-2 6:23:37', '1477-12-31 11:44:42');

insert into USUARIO (PK_USUARIO, NOME, LOGIN, SENHA, FK_USUARIO_ALTERACAO, DATA_BLOQUEIO, DATA_CADASTRO, DATA_ALTERACAO) values (13, 'VVB79KFY8C271UNVVEOE56G1TCO07LN4536T J3D2L31JYWTWHSY606B8MF9TAD0A8XU8RFM9LLEP8770E6DFO1LJMVYFTBI CO9BOB7ERLGBK1SX429FRB8V7ODKQTS0DS8Y5FC5DDIPBN4HM A9D29D4SVB5 N77W0KG8V6OK1O63CFNPEI 6D91G1AGSLCMX4X80B6T0OMC58N0ALBFAWRJ6JMJXQB945ILQVWRW6FCFA0A43B SU44', 'L47YG2A232TQK98TM0BQMM5UNXJ79HK294YTSQWMJ13VW 901SEFV8 VI2USRAMFM00SQTWHSD LHWV6CJO7WB24K52LOFWE 4MA6P74RMTXHTSI8GW AD5RJ3MMABEEFF4QE1AD333TAR6K6AXKV2ED1IXS5KL8VLTBUI4H8P95LWTEFJLMT8MVBMIW3WG2XW36B286E0TNDK0C2BRSJW3PKEUN87LI0BBFWSPJLBA X8J8WFCKQ5NMME', '8WIMIFEJ0OPSOPRETRRI7PLLAIGC6B', 3, '1379-8-1 11:17:5', '1417-2-26 8:41:2', '449-12-11 3:19:38');

insert into USUARIO (PK_USUARIO, NOME, LOGIN, SENHA, FK_USUARIO_ALTERACAO, DATA_BLOQUEIO, DATA_CADASTRO, DATA_ALTERACAO) values (2, 'R9YMVW QXV608C4IMJI4AKF1S8PDWVL597HEXG9J49EC47NUYTV2XWSO8J7OKAKY2JYW3K52SC6WQLBLU9YXAO3LNO2DL2BQTNML8 KM9E0E8B CLAUW2 C1HF3DITAKEYAEY3KF4TYWKUIPRH1JRLJ6JUJ MTUH149LMY6LB6LYF9V47JOVNVR2U0BW10FF8YDUGCH5 51HBB0 0BB9UV4PO7RAN K7QE19ELL0LNWSJGXJMW6I5BPXOX', 'IN K1MEEY1WV30MH7PQJQBIABDDBLU6S1F06FR1HFUYOJJ117CN9I6A MKRVVXPI3G9FVRPF8NYSOD68W9RCAUF99CEDUWF3A00T3W UX44UP95XXPGWYRUJBV4MI6DP9CR29R6X0VWPABXM XE7 RBVS62KBJB7QNBY4EGM4F1EQ05IR0JOF4A U8L899V4GXRJYAOFT5K1SCAE2X3USG38JVEWXYDK66HXJAJLSDT QLMTLNJH3UTO4W', 'OHMAQN6AU6E1WT8SDP V 5AJEPMT8C', 15, '1669-3-23 13:12:59', '1-1-1 0:0:0', '69-4-1 0:55:33');

insert into USUARIO (PK_USUARIO, NOME, LOGIN, SENHA, FK_USUARIO_ALTERACAO, DATA_BLOQUEIO, DATA_CADASTRO, DATA_ALTERACAO) values (19, 'TN5 PJKL6C6RN0VOEM3QM0PGVU8KOLPRVWYXE43R70BJSXWF73VX5H9BOVGN8CYFXFAD8FWD4L4A8DW7KSHDM H AL18KSUWHX6JR W FRO 7WJJ9LB54CY5 GYNYG37KLF9O38C6PTB0 M3KXJXSGGLLAXXNRQMQYL4L1DBXX7LV0BMCI53T03BGBIN 01H3 1A801 RDAS6725WJWNFL8EE7159FLCA2WMB38IDE8J9TKQ6KAAUSJ6V0', 'FXCM FP93G7MHWOBDPGI6W8YQF0QAYP WW4RM4UXJKT TY733SA8SFRMOSM05GKNCHF6 TGW1WRFIU4Q415B W37SPKXT6XGJKV4L9FP27 GEF76YEFQ8E4BNK37HQ3QL6PAOXOWFEWY188B8 5UMPSC6UVX5GDSUGMPAX5T4MJ7UB1T10RE491PK95LKA4VXRVWA VTJ3DWXJHEKWBLG4VLBKR29XP1RKAOAJS398H69BILG7C042C76T', 'S QWIT3BFKGIX520524R1X DFN6GAM', 13, '69-2-1 0:40:37', '225-7-30 1:34:1', '1-1-1 0:0:0');

insert into USUARIO (PK_USUARIO, NOME, LOGIN, SENHA, FK_USUARIO_ALTERACAO, DATA_BLOQUEIO, DATA_CADASTRO, DATA_ALTERACAO) values (15, 'FR9EDRNPQ9740F95YVMND0YLJIDES1MOJNKYJ6GJ0W5IXFA0DONP9POH82VF0GF74NYSBFVF9U97CHP RNPQRRIKNGY5PJVQ52VSCU0B3M4R0EDOJXS27LCH6M71UP22DTTPIYKGUGDI25P4U7XX3VK8419EMHPFEGB80HNKN8MRXSMRMX4G9B56GYUILI HK8W B91SEGLP6LMFL5GQUVK7 7LILNM9Y07G6AYLTA0FT0PDBL0O6LUIBA', 'YOKKKBKJ5ENM R6JGIIR WHOYMFGHM63M6M73NTFCPK0JTISCU8NXNU6RUECESNP5M8DUV988P 1J9PTVIND96VRWGWG7L63EL5E8O 1QWOS4UHO57U21MAK2OK62UMVT0S4UQA4B84WHDVIW3NEB32 H3SH587TE6C49KSXW MSSG6ODPOT6MFHUSS3ODCSNWWL1ND 2VAEBO OC0CAQ2YQH4IBXQRXKA6HUD73T2YE9H662BUL59EL6Y', 'FBN3YRJGW5LSIT93NWGGI3VDRGGGC1', 9, '505-10-4 5:0:27', '525-11-30 3:40:40', '701-10-8 4:46:9');

insert into USUARIO (PK_USUARIO, NOME, LOGIN, SENHA, FK_USUARIO_ALTERACAO, DATA_BLOQUEIO, DATA_CADASTRO, DATA_ALTERACAO) values (18, '9FNWX7HDS1MQ5YCLLY2KD81LY6 RHPSDM85EO6VHA2 WY68U48F1P2U8F 7QLTJAHTQH7GJ8GQS960I7F0P9BDM5MR12QCIHMXDKCOQ4X6 G8M1GC2XBB YQR21H32E3Y98BJXHBHGO8 ID2P0GEC7AX3G UAAPXBETHNPMMUGCKVNW5HEYTMPTGW9 4JNPENUV06WQKW2OKVFSHKOB4UKIJJSCJL8EMW IY4R5AE0OFGL IX6Q 9B58B8', 'P54RGEQXS8BXQ3Q195 9WXDG32JYWY9JY8MRPM9R335JQ2WTNLR9JYOIWP6PT0MIIWQ 45Q67U2A57YOCE NVCU5Q6A3S0MWH2UIJNCX12U4CV3EBS1JUD9AYT4KRF86SDCG20S8BU9YVL 4BRBXQHXBMM F TW723PP579OI03LK1UGWWAO39C2L77YWXM9R5C4GFI7V09QL0HCEFFNSFGPJW6ABPW023SH  UAG1L DJ46YB8IWWVUWL', '62480Q7NY5RCYFJNRM9MN 91L122E0', 0, '601-5-4 5:39:37', '1987-9-20 13:56:54', '599-9-6 3:42:37');

insert into USUARIO (PK_USUARIO, NOME, LOGIN, SENHA, FK_USUARIO_ALTERACAO, DATA_BLOQUEIO, DATA_CADASTRO, DATA_ALTERACAO) values (5, 'QENHOD231LX12J8YMLNC69K6P7OT93NR27KA414G1BPSESBG3N08WJITXREE6GWBKLMY5P64GP1KV5J X9N9FPU7ITAS 7JUPDO5W284GF AYEWX8D6TUTM9QMO3L 278H4 CJFFIE89XXDKFYPQYL X7OIUO X361VX85XUBLX7WT 268 6FD2 TJ6YN5P6XBDY2KV4Y8S9NURJHK5SN833Q QTR1YY1RLC66GWON20TCT LE KTS8VDW', 'AIB7TJ08KFYC1P2S0UMRNQF3AWTRNIVYYK8NYCDF8KY6HNCRGRAXD7I05B97E4G8MCNDFBQ7DBR81RM0X1NK76OXF76KAGFCSMI WRFTM4II334ADY98JO4EQWSFYTCU0303JDK4M8K2L2R0WLXPB4VLSOMGLRK SDLM192M2VL61H98J1SX1ARD8MIG E6NQX1IOYNIN3J9DM5OD88 PFB9UUIFD64EG5BX7ERM5YMV65QPK1W2V6YEC9', 'JKXMA32R8OU2CAP3X46TRR8BO3U7C8', 11, '794-3-25 7:11:14', '1613-5-14 10:1:25', '222-5-19 2:22:1');

insert into USUARIO (PK_USUARIO, NOME, LOGIN, SENHA, FK_USUARIO_ALTERACAO, DATA_BLOQUEIO, DATA_CADASTRO, DATA_ALTERACAO) values (14, 'L41UAYFW2TL WR3BHDSD9A0GRYWERUHFU18HAHAHTI8MI53XDOSN7AJIASO3YE2Q15YGOU0FEYOFKES8KQRJVPBKXANG4WF88DJX45CSX3FDDUM8EOF0G5PPH34TLI3G444RBJCQ2AM2AMA1S4CS65C8EA85REY4S6MH2YANX9AUQUTX50T5B65MLAU10M41 OR75BQ2977M3GFCEQW47IEEJ LRS319W9 RCFKM9OV TFQU33IB4HJD7N', ' KKW1FLET8XWNFBDCSI32D97SMKKTMKSM5VVFKTV2UP7D3 4IUYX CNF35F0SDC5AN6QIDVO FVGPF Y73MJ6YYABELDLTH28NULB GWPQD6AV6IQR7707G9B7PXPQW3Y TWN9DENQLEHJHCR5VKPSFQ4L BGKIQ7JJK5ME3KIIFF8UU7TCR8Y5 3Q4LTEAE2E0U3ADOGAN13C7F8FVADP09V F9N 6DTUQHQ 5TKJ E7 KABR80NNEMES', 'DA46E 5PPNRTFKQQT31CG LAIQYQLD', 16, '900-1-12 7:48:9', '1867-4-14 12:57:37', '755-1-11 5:43:3');

insert into USUARIO (PK_USUARIO, NOME, LOGIN, SENHA, FK_USUARIO_ALTERACAO, DATA_BLOQUEIO, DATA_CADASTRO, DATA_ALTERACAO) values (4, 'YAJODXAWKLIYX6ONN8FII77BA1H6DG5Y55S53DG0KVKJ7PUHO8EGXAAYN8NOYNF 5M24G26DSBEO4CJ SKAUC7F1TI2 N8K7RKW81OT8UFYSNE5CPHN7G470S46Y1LRIJLWWMX8738782CJ5WT4 8FTOC0HC27M9UUPKBUVBRJ47XR3FJ5CHVMW90RIVWTC3S8XGIHN QPTV2FTKPNY0YGOE6KS508N5A9ASV302STA9JA6D56ON9OU6XC', 'N6KR7W49RKX7N4IR348V N9TR9D3P4VT4N TF1V7OME1T02P36IEHK2RAROYDPRUPC1TXV9EKJP9JVF9J 1N5 1U6MGUV4UURDQ6RBPP4N19V0XGNBQB5UTJDCBYP65Y88RX46Y4HOI6TKBG1D6RLV9F9XS9FH1EKUNR582VCSYOEOIM SR0PSKAUN19MK2LPIP124C9 JY7QBTG6KQRN741MA47TX667Y0Q2ECS4T RXFPMW51AQMPQN0', 'IF9WKYQ0D8MKL B7PT3BBBVKOMM9GA', 5, '318-9-14 2:54:19', '1664-6-6 10:58:33', '1777-10-22 13:52:31');

insert into LOG_ACESSO_USUARIO (PK_LOG_USUARIO, PK_USUARIO, DATA_LOGIN, DATA_LOGOUT) values (6, 4, '1779-8-25 14:25:34', '1274-4-4 8:18:28');

insert into LOG_ACESSO_USUARIO (PK_LOG_USUARIO, PK_USUARIO, DATA_LOGIN, DATA_LOGOUT) values (9, 5, '627-1-24 5:36:16', '1666-10-6 12:41:53');

insert into LOG_ACESSO_USUARIO (PK_LOG_USUARIO, PK_USUARIO, DATA_LOGIN, DATA_LOGOUT) values (17, 6, '789-10-5 6:57:5', '761-2-2 4:55:26');

insert into LOG_ACESSO_USUARIO (PK_LOG_USUARIO, PK_USUARIO, DATA_LOGIN, DATA_LOGOUT) values (18, 13, '1229-3-5 10:57:12', '1378-5-10 9:26:31');

insert into LOG_ACESSO_USUARIO (PK_LOG_USUARIO, PK_USUARIO, DATA_LOGIN, DATA_LOGOUT) values (4, 7, '1166-11-23 10:30:55', '1485-4-13 10:28:40');

insert into LOG_ACESSO_USUARIO (PK_LOG_USUARIO, PK_USUARIO, DATA_LOGIN, DATA_LOGOUT) values (5, 8, '524-3-8 4:27:35', '566-11-1 3:29:55');

insert into LOG_ACESSO_USUARIO (PK_LOG_USUARIO, PK_USUARIO, DATA_LOGIN, DATA_LOGOUT) values (3, 6, '1540-3-19 13:4:33', '1-1-1 0:0:0');

insert into LOG_ACESSO_USUARIO (PK_LOG_USUARIO, PK_USUARIO, DATA_LOGIN, DATA_LOGOUT) values (19, 18, '437-7-26 3:35:29', '1558-4-24 11:13:7');

insert into LOG_ACESSO_USUARIO (PK_LOG_USUARIO, PK_USUARIO, DATA_LOGIN, DATA_LOGOUT) values (13, 12, '1-1-1 0:0:0', '1016-6-17 7:2:56');

insert into LOG_ACESSO_USUARIO (PK_LOG_USUARIO, PK_USUARIO, DATA_LOGIN, DATA_LOGOUT) values (14, 7, '892-10-11 7:37:12', '1152-1-22 7:55:22');

insert into LOG_ACESSO_USUARIO (PK_LOG_USUARIO, PK_USUARIO, DATA_LOGIN, DATA_LOGOUT) values (10, 17, '74-2-13 0:59:15', '197-12-15 1:25:13');

insert into LOG_ACESSO_USUARIO (PK_LOG_USUARIO, PK_USUARIO, DATA_LOGIN, DATA_LOGOUT) values (7, 6, '1660-12-4 13:28:13', '1802-11-15 13:43:52');

insert into LOG_ACESSO_USUARIO (PK_LOG_USUARIO, PK_USUARIO, DATA_LOGIN, DATA_LOGOUT) values (15, 18, '958-6-1 8:36:13', '938-11-3 6:2:23');

insert into LOG_ACESSO_USUARIO (PK_LOG_USUARIO, PK_USUARIO, DATA_LOGIN, DATA_LOGOUT) values (16, 8, '314-10-2 2:30:51', '377-9-11 2:11:42');

insert into LOG_ACESSO_USUARIO (PK_LOG_USUARIO, PK_USUARIO, DATA_LOGIN, DATA_LOGOUT) values (1, 17, '1464-9-2 12:18:52', '84-1-29 0:51:38');

insert into LOG_ACESSO_USUARIO (PK_LOG_USUARIO, PK_USUARIO, DATA_LOGIN, DATA_LOGOUT) values (0, 7, '1090-12-25 9:45:10', '845-6-25 5:23:10');

insert into LOG_ACESSO_USUARIO (PK_LOG_USUARIO, PK_USUARIO, DATA_LOGIN, DATA_LOGOUT) values (2, 0, '212-12-17 1:36:30', '1609-11-13 12:1:49');

insert into LOG_ACESSO_USUARIO (PK_LOG_USUARIO, PK_USUARIO, DATA_LOGIN, DATA_LOGOUT) values (8, 5, '695-1-18 6:11:13', '636-11-26 4:0:43');

insert into LOG_ACESSO_USUARIO (PK_LOG_USUARIO, PK_USUARIO, DATA_LOGIN, DATA_LOGOUT) values (11, 12, '1867-9-29 15:22:23', '270-8-13 1:48:11');

insert into LOG_ACESSO_USUARIO (PK_LOG_USUARIO, PK_USUARIO, DATA_LOGIN, DATA_LOGOUT) values (12, 13, '1352-9-20 11:38:43', '464-2-7 2:51:3');

insert into FUNCIONALIDADE (PK_FUNCIONALIDADE, PK_USUARIO, DESCRICAO_FUNCIONALIDADE, DESCRICAO_MENU, CAMINHO_FUNCIONALIDADE, DATA_CADASTRO, DATA_ALTERACAO) values (4, 10, 'VG CO1HEN177YMIMEBEBBLDKOOQS4NXFS18II6C7JDOV9 J0MOYGL6KCL 60IADMIA6FOHBO730VYQ8I5HO2RD64YRRPNIPGI2LYXVYIQ1Y3OH8I RJCEM58YN1LEVGHFOPOPAOQHKP9KS2PC409SDCAYQVADX4I105Y4PSKUKVRL741MPVNU4L8JNK4QC3NBHX0W4JLHFHV7GSRC8D24EK7DMU7DROAC0HRGL1L54WMO59E6U4SWRTQACTHTU12D3OYU5DQR3YRT PQ B8 1QWIA2YM7B9XUPQ2SXHDEEVX4Q6VQW3J306LKJ92FYE4CEAFO086BKBGS5N6KDK5860AE205WIC5J8G3IMD3VM9HL YBT4XADYK79I TUSXSDSMX XKDN87Y14X6XYU5Y006T89Y1NV4V6QJG4FJCHYK9D6 JAET74CET5H3X SH841DWIFDT3RT1NC9E122Y1JA6NIOMM9ISQ7MYCYY26BYTUWQHOPHNKEK1QSUXKO52SCA0YAMAJO1OY8HT5NHGJP9NU2H8RGJQIY2YON1TEBWEXOUP0K54S4LE3HEN7S6MPXKFW554K45ESEEJALH6A56VYN1XXWUPNK2Q2T3UCC7PKK3TK75OWCTRJJPF SK38LPSKJFTLP73D63BYDNDL0OYHLG8GIN3S4D7W6UYPB4X95UW4DAQDG5IXJ60IWO69PO7KFFELMO7EC3K6Y4S9WWLJNF68RLX295P3 IDPLFOYHVIW8YAADWJKINQVSH364Y92CPD INO58G2GSENJXFVP42DLLVL31433 VW 4E764HQOKXV5G 89XLDONFIU5G2SA7RQKLWBNR5TVNO9QEH1S1SDF6302IQSG6SSCU4V6H5PJKF1JQJCWW916EOOPN9UQG2AEKU5X2OQOF5PHFJ3XH1 6OUHF1IM54TT30NI57USWQHI22RNXX5KKVAJ2JYWOFCL63VCVWY95TROQMO C257C3ULRWRH9 ', '5KO81KHCNAL5937D2KGGODFI1KRRDVDK8WONXD6K SLJ8C85KF', ' PAYM9R0 QID0ULF2Q2PSV 9YFTF4J97 80M4QOLRNPKROSF4U 46EJB0GOGVRRTRGTR9ADP63O645CE60ESFI1OWKCU MD7T1XWMELHYA4A YIRC8SOW8K6GOAMNQCVT6YDGOWEXW6UUSJ5UXYHPM8XJB9KQUUNNL CLNT837CIXBGI634RJSXA9FJAPOWL9LFON Q0M JS1AB3UA0RSVK UMP4QYI3UX62SA 1TI4XNJ1DLJMLG0WWPWU7OJHSOYHYU9QV5NUXYTF5BHG29FKCCWCI 7NM8J NEL6G8RSMP07I18CVIB7RJS3PRTNS52S3J1AWWQKMEY0R GLE8Y8036BAT93R5GC56D2M104A5KELIBWT2L3419PIMGGC85LEQDAERKSSPTSW2JC6BL2HJTAG8E5LF5R7CWQ6CVD2ILKUEEE6YADPY2LXF0HT0 MQVT2A5Y1TNYYXAN DM22QRTFKMBNMDO7WO U8SDCLUX4WPLE3KB8SLD5QVDSY2T2EYCJWY7BNIJ5TS4DGRHQA8LEMW9W TI4SEWIEI3B1PX1 VL0CR2G2OVA643Y4IEOAGK25J65N45M0CWVFUK2404C5IYQ64OHY8FDT75224FQRUHU4WH9TISG1T304V0OOEIJDT6MPRW0E4CBOIFLQLTX6DNF93OS1EWJ2X2WSOS4E3Y 4UYGSUSIM6VJ79FRG9PBF71997CKGTC28TR94 OA8W1TT2J 2O2NAEXKVEVPLK21KYF97X2VOVFL89U6W 6APJ216TNW2O9XIFPMRQ34D1D7WUQJO98U3QBDGT1DIPI362BFTKDGH18SHY3NX4HT392KVCD9QC0BIFYNOT1K26DF1TBGXW7PMKA3804LUHER6LH6V0UNTE84SWEDTMOTX8ET83NBB3Y0OFOUBS 9CA9RBRS5FV8EH0F0BJHASCD39CFC407E 3X6F6I2FYAL2UVCOW299L EYJJ8QOTESQR2A15N8U6IR', '1095-10-5 7:19:35', '242-4-11 3:14:36');

insert into FUNCIONALIDADE (PK_FUNCIONALIDADE, PK_USUARIO, DESCRICAO_FUNCIONALIDADE, DESCRICAO_MENU, CAMINHO_FUNCIONALIDADE, DATA_CADASTRO, DATA_ALTERACAO) values (3, 2, '89TNF34FE4VR JUBVI1LDCHQJU3KQ5OM32L7Y6TBTVSFRFOM28AXOFTJJ13TCSMHSSF3N3PGWI5GFPBC7PSBP 4G4G5PQ9P0BPREHCJXLLJBWSVJCYKQNI2RUW30NHFWTMC2 HW4W7 6S2BKPK6 GL7YAQ3DJD84KXCQE3CQ3XW2E0I0NOGMNS0W9US6HYGY0GFULQBPIX3RL49SPYR0FRWOOM8L96AYTOJP443AOWTT X74MJQ8O54NP TK94XXPH496V 0A OKTY G65J9XMVIKGFSKTEYME CLO3O6 R4XT2ID2PQBWA7O ATUENHMFCJVBHDC5HDW3VCF046QQCXL41YI J6Y2T67I5GX8Q2XGPAMB4SMX 73YQ8KQTY1FHGE2WL8MQLVKTWETGM59 U01VIPT72E4Q9WTJOQ55894A3FWAI4K4WEJBGAH81Q9GBVLRY07308W6 HF41 Q0PI2CGA ENXHV34B4WWP1QMNF0HVYKVO6WMULQDM3 Y1NV1W5AB4U W6UXK55AJB3F9L88VONE1MVOQA76CGU49A8OXSG4FM2F4KORPJ7JII E0GMV76PCGW7M0T2SMLEF1IWTJKXBTHWL8EM1BDJJXVC8ERJST996XS6RM5SXMVWOH79J8MUFS54FRQWFHOOO 77OWRQVPINTHXMLO0LIUNW90CIRMXNAH55G VLX2T9 MOMLH612GFY76Q6MY42LUJIR4 44SN8WYL3CQCY6RGHXGL4NVGPHPT716MWR4IH34URUL5HMFSMD64YAD393SXMIRDIIIDCVJLAEDV53WJASU3PN49CW2EG82TF7KPIA559KK9WX6SGQ3RRRG6GMK8WXYM 1YK48OP39UN3C PW0TX DE419J1H8YEGGNKPBDK5M1TIBOGDPWXM0KGD4CV7HAU 7MQ8093Q125AJA9G7INA09GOQJCESRQPA4R0IYM192J1LGCP5XG2FHJ5 UOV3WRK0ITTRRK39', 'B023BG248XCBCYS LXTMN9KFRWN42CCX2MGAFONW4JWXUMNQWP', 'STXCF W09KQMQ 3TVN3PSB18EQY35C3X1T730QSJ1HAUDOBDX1MDH5N GWEY3985 03I7YEOOMQ0KM8NBWNAPU9HLRSNNEOC51WW893J5D2A1S28NL3NY3A D1CPDA5P83BFYA5IJNQM89 XN3GHGIX0EXRFHI7O3UG WQT85 KQ610UAWHM2UBDK400VLD2PLV98B6NBBS6L94DM FL9SK4VXLA362U93GQSR70P736V256WWWT84KNF4B0CXKC2NJO2VVT QJV0LV7IQ ESN9LK1IKIH46K3V27GYU1HK2Q2 Q022AE6CWRKS92KU6ETLS C65XJ1FCO0722056LKRL1836YRJCOAEXF74UM9DVOHHLC3JYQGOWGBVPDTOD5U93KJD6WW2YDSLL5XN5KJEJ7 64MVBK5PL9QNTD22JX37Y76NKV081NAGEJJNG57KAVWWM4E8IP5X5SPO5U2SVG8HPS1TDKBN211IBANBJYY33UIWYJQGJD34 BYXMC3JGF7PMS6MYYWQ20XMFY2CXYFY 78G28K7QIFHLSTUUMGPG1SIPV5G8WDT68UST4C1XASVJKX53K1W3YIORN2RW2K3UUR7A0NUYIHQ2LE1E0800TYMCBY2OI5I220V533UEIKU1GPF6WIPIWM9XL04LFV6NNNWEQWNOBBXNXTOORGI8NHXVSFKY4XM90RB9FU9 MVLBW7JWTOW1N0A8YE B23V86GY9U649QJBSGX5NYT85MAJUQ8TK P7TUVP8RP2BOJI2UJ3HOIRYFU5EF7FVMJEXD7887SBN28JFF5BR6GN76T4A1N3MY NCSN7P99IL8YLGQD6MCE0Y1USP6W K4XJKQF487JQ741S ICH M2SGE2VP5D7NDS XKVFSIJFFCX85KREJ69VAR6K VHR76JFI87HKRRGV62SDWVISTS4CRFE4 NIQ2NO5ETI3P52 JVDDQFTY1I6QAJEGPEA3U4VKD2O59AY 1VP2', '216-9-20 1:25:25', '493-9-27 5:6:34');

insert into FUNCIONALIDADE (PK_FUNCIONALIDADE, PK_USUARIO, DESCRICAO_FUNCIONALIDADE, DESCRICAO_MENU, CAMINHO_FUNCIONALIDADE, DATA_CADASTRO, DATA_ALTERACAO) values (8, 7, 'AEPSIYKGMBD5S3R 2IS3URGYAKSKLAYB7OP5GGDE4P4VHJI692Q9DI6Y58JH39H EWTMX5EF7KJ0ID78K4QV0WF5XL0UG0H3L18S7DQDTFCSE2M4BX5XVSU KYKPN ORPNK59KI8 EK7G6F4 BTAP2X693117ROERUTVO4OEY0Q1I87R7M KYP2O9EKHDX0O17F PI3H2FQV6UEURR74PONQ2RSH023KUV77B8KDW9V1NLEHM2J5QYVY9KPAOUA9PIE62TRA3PTOR7J2VJFKFMV3MROXKVTCCCM66SANJHQP2BYASMO3UQPB3UL7IXUKK4XCIQM97T4SPNR0SCLAQDC0PTMO1OF2E3SKO974AIWFKY0JF6SFEOMTQ8FPAWH6Y10JU2BJ2UFU40KCF9BKYSCOK50G3FXKKBWQVR741NE3HMA7P5NK0Y4VR5UUX1J4PR3E93 QSB  HNV89YO2YCKW ERKWMY4YSPJ6SNJ5QQ4LYYQBDNHR76J5J14U1S 3B6 HM7 1CLVWF3C8J914WBV8SAS58IJ3SEANEGRJ4YD60Q0I8MNBNAAFVMMY5KS07OVSX5VYIKMWO6WUO65AVAD20HE0R7432PUP4YMMKLB3FRI NW1PXH3M2RSQ3O4RFM6VUFJ5UNYI9LK H1NU8TMQAR6553OKVVJE01I9FPTK9R4X0C3M78H8L5P12G06IFG0L6MTY5YBJ9I5LX8MCKE1B1DRWPJJYL76L3AUJS9G6XC26BS45KFADXWCUP1LF4TX007KWTBCDLGA5F505VW88PSH05ILM460X0BA7VJ09Y1KJMKUW FAVQCJMQ9UQ5UUE2XJ8 553KIUSN1U1EW2TPOIW VUK5AFJ4IY9J323 N5 NEW6HHA2QM24D78FGNII WD2E5RKMFRM67IYHMU7EUIL8FU4VWEHC6R0RTWSR52V7RW3K3SCMQUMWYM0KR5NUQ9YCFR4OCJB4AVBTUB4QJOKIIP 2TEA17', '36ISKSEOIO6R7QVTLVCNMUVFWHU0PLLAW 9TD460HBYH72GTYR', 'L0Y7L4NKFPLACBA5OUBJNTQ411LOI458HLCCC0UGH2G7KYDNWAJ7TE7FJ7H2QF6358PODGDSA0TTBWRKQH4WD7FUBMNWVYETPPPBLU30OGBCC7I3TJ0548TI7VG91RTPHEI5NOVXKQ2P0 IO22J6HGMVB4P0X BDX9LTQHGK3SLNDDN2IAE2HW1JR0NQVSOOLOYTTRG8I1RO4JMAAVRNXM6JYTUVYCMTAOVCE4EK9IX5LP3MS25K5O13C8CLSUP7WP5FP4SFWNS2T3MPHMI687HRLJJVQLHLITWUNE 06JICFYOC1V7PUCDBKKBHSUC DKO5PM7R PKMRLMQ8M03CAFW6NVYKWMNT3HQ4HNFDBYBSBP91834S79TKMVLF3I6GYOQOQF J 0M5I4OKL09SDDS1XCIAT6EXD01X3GRVUHJ4J Y45RUQ18Q1GSKSGNH3 OD COCULITNU9D4TP JJ7U4P0F6GWS01A7NBVK6IP1BUUG54NIW5HN2NBJE9Q2S9TSGVQKOB0IE2K2Y2T33AAWSTD31FX9S O7GVWSBASDT 3CG6R62BMOC9A5BF5MG P7H8VX9AVH543MNKK FPICXKIF5T PGL1GXW1YSMEJK41NTTKGFURH VYK38VBJPDBWVS4E800 JFBA3OF0A81YSXUB98KPQQY53B1NHP3Y1IXM21FQIK6MJ4FRLBU1MHC3NSGCCVUNAL GWCSU3CCRTN7VVDTSUJ6SL8IE9B1XYTANENO7M4CFV1WVTGEDC4 X1LMVBB9AT7W7SCXEP85QG7YK7LUDQV2W3QF0 GVWMR79UC9MY140WIMHSPNI1UGQXGV8CS1K4BV5YV5P3RTQ1OYQDLLOUI24PE820QOS7OTAXLT6SI5J8UR4U0RXARIFP5 846HOPH8C7MB7UB87DJM50KHF0V6L56YKCCY1HCM2NFFLY4INWRXVUSFJ9IABCW63VWCAHRSERUQW RP0SVV476GRORUVLL1', '1526-9-11 11:29:37', '1-1-1 0:0:0');

insert into FUNCIONALIDADE (PK_FUNCIONALIDADE, PK_USUARIO, DESCRICAO_FUNCIONALIDADE, DESCRICAO_MENU, CAMINHO_FUNCIONALIDADE, DATA_CADASTRO, DATA_ALTERACAO) values (6, 17, '3A43CYGXY4OMXC78SOI7BT62BHEBIMBKSYMN7O6 4 2I80OSRR3JOSVWYGXEF 2 VENTNPRX14VFM4YEUJ22DXHL6DGWTPI03NH LI1HXA3MJHS7WSE4OPUXQ96HY5UDF7UENLUL2Q5530SLXUHTGON2IOPLTP26V4R20IRJXBUT3MGB2G22BDJEKP1E S7QP RQMSEU6CD8Y97BL1DIHC0L5XLYRV3P8XP0018CLQDSRVEW G NU7HLKH800GKY2LX8DVN44VUNAH8KT3XOWLBOE344C29OT54JMYXKVO9SX5U6XXKNV7RCBXYM 7RDEBDT8X9C3NGVQWBT6GRCLPYE5PRNUIMRSC9QDKQE7RNHGULWNMQCLUXYWQY3FK7V50NTXLEYSLJVF3J2M1300DPCOSGMY1U1RMWADR5JK544OVVAHQVHO327U7GQBLRU5 R7UXTWF2X3WBBTQBJP2UVIUUONYX25WIDC4W34EGREHOG54XWDBGQGA36F4ST4T2ACPKMKP YIC6P2H89Y7TAI VFTKYX7U4FKPT VOT6K75JOVF8R6V GTNBGU8831L75VMLXUPIKCV7AF8XTBK9DVE5P1FHTP C2MWSXUWG9QPXLHXSYFVDJGNMPYGDM8C203NUEI5W8 1TIJ9PSVSLMWFTE25G467XIYXX1US6REAV78MYPQE0ITBAIGH539NXUOT3WXN0 XV07CS8WQQMEWGXHWEWPCCG29CCB44HR3A38V6NB9XEO G2OUVXDIDB1GOJVU45S81TDWQOOD4565HF2BYGQWGPDKXHHO2XH6NVWPU9IQGNVJA5J2NKSWT8HOCV9EY52JOQHPJP5O6I2I2RPI39S 5YKG3AOX9LLIQX GBPM9GBCJL9 NEG9TS9L7F9HB1EUYHRKR6GT4MHLB6YJ8NY07H BXN6NTT5DFIJOFQFDKWFXLMNBK3H55MD991EHTPQJ3LE3K2LQLOFTDBG3PWN0Q03RJ 4J', 'J4UFE6TQ6U4I0W0WF7I37YUDPVHMVPMXF6GK 6TKL43 YGUYA7', '0FXPJO4PEI8M6P0UHIMB941TTK4K98H6M9VWK0QSCF9991H6J362GKM GOJ13NNJF6MIRISMNJ1KMUS9P44KDK4NPD9JOA4A2IHX67F4TF29B3D PNH4F6LXOG07WJTWC34CL7OFM7AT5OLEEBMTOI13OAYXDWL66BNOCKG1VJ0IINR V8CHVOBR5TLCCW55Q2KQGHMOMK FI 2D95VQBT7SPGUWP1559US O3VD30BEURKJY7T 14FE272V2W4R6LMQBLVEJ4K1X1ARF75FRTK 6J08L3IW2TS2D87EJMORTY5KCDD2S54A4HTR67PQNKFUJ9B7OU0Q6NYQJJ9L4EJB4M22CY QUF2Q4 KYTLBWEAEEX13LDU4CK1OIA0GLOHO43Q83V9S2H44WPRHDWV3YYD27V29CDDJ82THC QYO2BOW32H0MUM01R 1JXC9A9H2DOFOFFV4J7HCLWKE55OMNWNRGCM YVMDXP1DN9UGU2VGRQL7S797T1LUH6WB0DJPBD8Y7SQJM84QCKTUGJ7HNVVJ17UEAK7ET5SBV O062DYAWYKQK9EJQVV9D3OTR KCJGJIECCG O5MS1CUW37XEDOYK5UPPO4G3T083PQ2D0QKUL P0AGF9MLIQFW9UHOEEEG7Q66AQ99J6H2VKC W58Y1T92Y 0R02OSTFLG0I7N1F1WI6KV8H7YAVXXDK7KVOX9LT73U9J4QSYMKGCIJ70JOXIAAKJ55 EE76MH JT4J C5H4SJ3SHF902AMFS9PMA0H6VPCWLDD7P7HV1YB8V5Q9KAH68I1DL6G4GOH 8YHA07EG3XS2S HRV 2CFACYCA9T72KF263IKFOOW 6CC0KQQAS GOD6BY7JCDHXBLRO3XJB8XGPY2MCUG7RQNNVD4Q7MTP43318SHQ8UTL8JT0SR00Q4VBW4 H71EGUGUR05PP9C TLDNQD R2LVV45727F3 JSB9UH5 MDA3HY3SGCVQDKOWII34', '757-1-20 5:17:18', '1522-3-20 13:18:46');

insert into FUNCIONALIDADE (PK_FUNCIONALIDADE, PK_USUARIO, DESCRICAO_FUNCIONALIDADE, DESCRICAO_MENU, CAMINHO_FUNCIONALIDADE, DATA_CADASTRO, DATA_ALTERACAO) values (13, 11, 'UDLHSEGSDUA3TALYR5 DBC0A945WPSHOMXI41OO277AFI33B1J8HPN W7U1KDWJ0Y2M5 9XIKUQINKV6MFJHU4X33MMETR8 V0J2GX1 5 6WT4U44BQAE52BQI5V TDAKI83VKPMREMX98TYA70IO1LE0 A6EKSVCV6BE0JUEDGPXFIT N ML7JD035BDJ21OV3JT61C8QF4C9I2ARMSS2WLXG83QAU97W9DJ2N4JTQURACFF3E1I4IO57D33FKFQSA6NKOFRJ C24HTRT45NS7J7XXLNKMK6 65XRDTI97URE7JSM OUONCTULS8CA4NDD8RMV4K RE2TT18POXA9FLROGKEHSRGHQ5898FV6IRT1E6WR72V5104N2LBN7DYAHE0SE5HTNJJS20T31Y4 WN JCEUNJ7QBAAI97YNHT2EVRX3I0BADBSPOL6E7PSJM7WQXGSQ72J62BK2BEL70I2RUL 75KW8TP3EXTWBMSUD6KU6EW0EMLBRHHN1CSLV1MHTHVR4VVP524 34JN0WMPHFRQCM18NXAH0V28YKKL8NMGJET9VNJOV4GO9WUFXOCBMDTBVYJR3TK2GQMHHO6Y1KWKK5O570XXYBFG1RTBUJAVX29N S9I78UENAUJ56H40147R7X18S658XEX5VHNT4IVLBN3LXXECWYKK4PKNKDLQD68GUDXFTFH7A8JHNL4BCYO3TGA7X010 2B KF7QEMJT9NY045CSS3134VDKY5PRU1MI10KNHH2IBWOEQS0FQ5GLG2R6RP0VMEHG9EG68SY KV85EYREOVXNQI82GHQDIUXX8TIIBSTL6CKVKN1O4WSJD4AV88WE5JRL0AR0X12EC0T9772TOSNPC87 9NSCU1OWOWF6UMV1AHFATBV X FQ7K3FT80OA91UCH1NBX8U7841E693IU9BY8ST5HE1VL066VE96RWUFQXOKCRN2NME6RYIJQ49CRK7CTM QFDN894NESRVBK8', 'J YG33FC2U6MN4U0NKDO0GS3V06F8AJTML1YV 6MENE1ELN6WF', 'VBP4ETJ3EK6H8G5133U7H1RC5DJ0M 67JX479PUBNSY3YG80B72OSTU7P8 16IRNHP3CUDW816PLWFTI 3PPY188HYVLL3222QOJMOAD3A HRD29232NB3XN7WH2YT8CUKEFPKGLL6S0 C1CP0UKRGUWMVIM R8PLD7KV S1CII9LFQ1696EXMUTO9272 0L3PE7IXK3FEY3BS1YYPLT01NDI MM7NFPGTPEQE F0JB4IIP LT07YAVXDI4B4X84SD908H41H47R6UGAWKRUBX33PTVM5114HMMMG9 69XO61YVBSGNQBJRR3DLLC6EA0BPODTHD375ED4IRBHROTR8399F5AMTH0RXCQBFEQSE47MQOP8O8C9SK21WVDOMVBS KWXJE7YQW7RVCCTDQ2QKVMSX8IO3VVS33VVFPKNR2MU6ASU8DVWN136WEEXF6TLTGBDN057JOGBRFQH 08I1EUCKE9VPTEN4 KQM8ELJOAIOT0FVDACMHE01Y3WX13XERL7QLWAMNFWUXNUFYW876GEYNGGYEFWFN255LD803SY4GUKP H1HLS88TN1NR7LGA8Y30S G6Y5BCUT2J6M27GU9KI6N69K132 MW5L Y510U6FBERVGNJ1URPDN4QU8C7NOLPN37A5UJHQP6OR3YC654D847R3E VG6RU9PGX398JNTB0AADD4T2GDIFRFET0UU933338HN AJPWIEBG6BTUGD608JHD6DEB4B 85 B8VCTYL591LPJHK BIVM80LLGDSNGR4AFLHKX5BN77HQUSNU3PIFRU72H63C3ED332K6D1DY3CXFYB7PLO56GRIEWR75RMQ5CTQQQV57S57CGGFCRSXP6HQA0GGDTNO82EO93RPJ2KPJFC3IFP6C8GPC1U9V JD63K9EXJO7LTYMAVO3FCCY8WYB4SA0F4LS5FK93UGDXFNQWTCWEX1WBVOY9GBOPYTYVASHV4 BK7OIHLUUXX14X5N0F9', '564-7-4 4:14:22', '186-4-29 2:29:18');

insert into FUNCIONALIDADE (PK_FUNCIONALIDADE, PK_USUARIO, DESCRICAO_FUNCIONALIDADE, DESCRICAO_MENU, CAMINHO_FUNCIONALIDADE, DATA_CADASTRO, DATA_ALTERACAO) values (19, 19, ' Y40HAAMA3 H 1W1YVJ0L 2AGHUEKYN3B O6BTAK90S96IODF 4VM198U1CL9RWJQC4FCGV FJ6730KIU OVCTW4LPF03H84RTOJIN058LJFQVYOUD1N1RXDSQO6V0EO2KV1EUKL9OOSQF1E44HNMA6OJU5B245EHDOAAJE6AUQWD00EMRP3OXG 7C6HTQ2O0JHD187 5LE9L2XTECR0H8DL81MHVQN8SV379GKFY0M11YRXNG54WPI0AAOYP3D03QOG6S27WQU8Y7CET8R1H D16XYAERIBE0TKOU29DVVN99J4DAW4FOBUSFILNRBOB3KT99YTU4 TJNY90T9GNFNR9ORWY4XXLYA65QYF2OR21X8BMK  MYJGU5JVAWF671UG7W8WU9AKLOU06QLDJX4V V31E7PS6EE9WKTA56 6TI8FT3 494D98C2OO6OHRKMYFFNY66PLU2OTW HG8B83AOJX5Y35DLKNKBOL7NQAL2ESV8VFMAJ73E KHRM3J3M9U2L4PEQHJ6J8C79U8XYMNP990STR 6OKCH4PAUS8U44A4S7AJ36P57MFRB70JJY WIUVRVCBDP3E5FO6MNP3 4SADL5V8E5TX28E00BCLQ9AI21N9L OM5UR6 YP9FA3I2PB56 ON0FYG81NXUEPRJ9O3TT7XWVNFHJYFX2HBF8OEXVVNE6L72YJTHV8QMS43D  8ANO1V70XP4V7BI4Y38OJD30BXAVKS595U9YY9VSPNRV NFC4ET69YG1HM34KQ1YUPSVUKK5OE700GYL0FU KNQ165BRIDLJ7JLN2RKIT3821WXE10TPO1P3IDEKEUNR9GECQV2KCF2PE46QVNNSJL JRRB2XAYM78BUK 78MKBB4ADO7AQINX4YCACJGX4HD2XQ 4XT3A 3VM5Q GSVALL9UH73  RU8Q5F0F5SHVJ11EYLA4YMBAQL0C2J6QBNHIC3B2P1L4RVJV9ACWTD8LSFPHFKDF40', 'GRCV6PKRKFXYO8E48CDME0TSWWWEN9N 3M8QOO7ADKUOGER7 N', 'ABQG5KST99YI CW716RINUJ5A3XDE9G 9VXQELCXHBF2PR8SWGQMUTLMVRNU1K3JJV0SX WR5XRH4VRLMLXQ7SEN0OSSDT AIA6BVQQV3UWCW4LKOE6G3R7X5VG3UVPQRQ0TYU Y9E5YAWRWP6S8NQ3ATX4GKNPQY8IKLFP2SF6F8M51IRG6JU4XQYRFA5EF1H2MSJXJ A5MBTMT1LAA666BRLN8HB17 KHVBBH AXL9SXX7EKR9LV47X0J 57TR06YXHW68BRFQKJNLV3SOH3OKFXLG3UU2HK27CHPITR B66EKV6PR60JRLLABNC3CVFWUK9O7PF1 VHK00C8OPX7CWQNYWSH6U2UVHIM31TPKJ2K3YLI7P1571N JICTB7AR13IW42GKLNKM9OJ11IOSHR721V6UWYEUU1KUN7FLGFPXA68SM45CK3Q28 I5A6BRNM0Q7XF59Q7K5OD334T 835JLIKA47EKIT7NN J0Y0TI5I2PHT3UF2UIGSMPDGKQB7KM36IC7HCOV82SK6CWFGSBXTYQ8IC3R3JN KIRJWKT6IJXWR21SUHSU7YM75OX8EKK BB95QCO66A2RUQ3DYX4V8YI193WYO533P8955LTC7LLBCUQ9POWGWCIVXO4 8UXK90IBW6TCQ9BGTYLV5T4SSJJ CY22W7MXL2A9F2152NETIM7WIX9W51H0W4MS8SO0I86DT7V2NOGV9G 9464IYA5V4S3GH8HXXX8UTNHM5PGWN4A8K8W8PU7RQ478I7A0 3ULUE2M9PVVV9BBHA9DO994JU11SEB W6WCYIN7Y6HLQLABQ492S2SPK75IKHNQ57MMU46RA3INSU7C9XB7IX8KY0G6M9BJ8QOQXCIYH0KF5R1QAKBH4HV 0I9AGH7VYR4Q6CFP  Q1O5N53CHDEEXL9KBU8Y6J5XEHCAMABNFEUUTJ45I2XDJ8AJRNQIXMUCELQFM754H9RP920BHNV6Q2VC6CG13F', '1155-6-17 7:58:28', '1306-9-18 11:53:36');

insert into FUNCIONALIDADE (PK_FUNCIONALIDADE, PK_USUARIO, DESCRICAO_FUNCIONALIDADE, DESCRICAO_MENU, CAMINHO_FUNCIONALIDADE, DATA_CADASTRO, DATA_ALTERACAO) values (15, 15, 'V9APB6ALCDX52CC3JWBH89 H0 9LIGICEB5  0JUXHO5X6HLDPU160DS4HVT84LD7KHI0S GKU102QRMLH60JJYMD518UUI4IHAKQR2CRFIL3F8A2XH3IPKLBOXLA18SS X7384S2NWK9NU2Q9DQVA2JLA4G55N0LJ8CQLF78JJDJXHMT8T8354L3RJ6ONLKP6CM043F7L17IQUWM58LB6D6QDLTT2RL0HYHTA8I0VJ3DLM7MSFNA9B0PX3B3XRHJH 3RGRSW IT21E1GHL1HCD29S6CRU4XKTWI45LV71TX4QN9W6E3YFVLWVHCOD9VEMJHUTIOIOSSR8QXY7U1HH168J0JF6JKLK3JHY6FH25JT7 GOJDRGK1M0S5 5X7IUU82867J Y 2VCJHBNT1XRW152QGQCEJY8 6113S KT11DJYCJFDN4LTQE JN45QXYTQF586NOK 71Y49QU2YTYM0AIL31FFYTJHL5Y2BKK5T3RHVA55V REEUDRVV4BA5GTFPG0G4LI1DQT TSI4UPEDO0 GH BEU71DKWWOPRYPPM7PGNR1KB5PWAY PQMY9W5OG9VR6M08 1 7T CLH4E86E58GWPOB0Y44JDO 44Q3ISU4HGHTIA P2VNL0EIHE16EJ5H3ME0YJJ3392 XR437B5B4GPKRDT0315G0XSHKFFO SY142KY NT10JY2MMDF3NO R728XGXEJ NCTLJ0RXG69HTF59OVA BNV0N 0RS845G4EA8XWGIUWD57XTGFKHW6FCW5YG2AJ0HBB34G9W5Q2943166VXIIG3MTSSH2W6ONK2V0M7DA8T38Y4P5MDDLG LBLNQEHYNM14BXHNDPDAO7UE3ERW9UFSJ YP0XOBXSP236C1TWVNR2YIIR0J97PP07V5 U77SG3ERELD0614 3KQGVSFDXSI1805AL 50KGRQGU5PMXYWW8UX54MHKBG3 Q0EV46R MSDJTE 36C0CL49RPBFW', 'O62VLLS3RYP2TKB8366IPBX6EE5RQ 1PIQ2S80MA8TJLK5OCXA', 'APDJB0X9E2638LI9JSVX0KGJYFIBGG8MT52GTBYI1O55OG2VM2JGUBJCNP4OKOS4XEIDHO CAOIH77CYD2TMJBRJ7ORD6O23AQ80BF7DFCOYLVNV DEKUDQB0EL6DGD1QX3YX RI GJ49G78X C89E1BNF9JX0VP8AGHMOM0LBFF8Y3WPH8CVC5DUTPR7FM4XN0QA1RB0U 09ID320XDG5FKG7CW9TKM3FWKJHZ69CBVP6X9V6SMET6BJQYTT9NT7HMONJ OERYPN5N446J5TCLB94R58YMKUA3HHRH5QKS2QJ8P0PARETQK IDAI171RSP8MOY5NP47CKDCW0M3LAL96PTFDRYOWI6YAWWMROP9GGLM8UGKDV5YKYIJ4CF7CGNEC2OPSKN2RIDDQH6CIQ4HW1ADR31N98P6BUIVNXI9K 1R5TIDB1BW7CEHXA2A3VBMEXMUCU7AU7X7G5NGT AMJQG5XBROD2TVF01M3Y3B9J5GSE52OUL99KJHPI9ORX0VWVSJAGXD1DUGF 0I9UPRRT3EWALF5639 BR4G0V854 HRVMXHCWDNX0IS2PCJ MKH4PA7UHE78H4FJR51MHJOWI9ACG336M2U5E5EQQ9G8465 NU72L3Q8AWYLLO5YGQ8AD42 0VTKNSTRVEX2A3X0GF2CTC57 GEG7WAD45UTMCIYF3U2JVGSHLI5NNR7ETSKAHDA7SSJMIF7RW6H81PQ80UNLDRWA6HNY5TLW8ID1AYMPKUV4H6H2 9E0N4NQQ8NGE7Q7QJW8VLVGPGOXGL6MNN38VWE5FGMW4AMI92VGS06OL8I8DSK2YIEENEMD06NDD1ROO WTV39EE2YI0RVXJ02N 0BNY6TSKH4VIQSE7TE2 HK7DOW2X0S02B1NKR80DVAR5J954CEK3P1MSUWWB0DCF1UEX04UQNBDR63YAXK44K2 URS3R4NHU2ADWLMXWAT4756LN3SFCMADF0VT46F7DGJG3T UD', '1384-1-1 10:38:20', '129-6-7 2:0:36');

insert into FUNCIONALIDADE (PK_FUNCIONALIDADE, PK_USUARIO, DESCRICAO_FUNCIONALIDADE, DESCRICAO_MENU, CAMINHO_FUNCIONALIDADE, DATA_CADASTRO, DATA_ALTERACAO) values (9, 14, '4CY90 RPTUJ744 3EPF74NNKFD7NVNX27IVKIDODH8DN6GQVN5XGP620P YLPULDMUI7JJDGM MEMJNUSEW K9IEKU23T6 JPQWB0U TX91FX3RC4L1S0A O9EIHJUHGW4IQLOJJBQTEAXYY8GJOYQK59KPUW8HDSF85II02QNJSGU0HR6X51 3D3UE1HL8S3O9YQR84EQ8VYPN4JJ8LHKD5K8UPLCVGSFCGUY MK99OWDHAKTS28Y5NJBMA8VGGVNJK1MVVS3G11S0N VEHTP1825Q1XLY4M0B59BJENJ1KTVO8209IHFILECMW0Y93CLLP1MF0YGMNDLR9A4YM4O2OV23NDH69N2NML6WTOB7FEYKBANI2850Q1YDVLNBU7K70SMA7V 9VB167RJBT1GKAJ83WX2C9TVES4ORTU MP6UO1P87QEBW49MCV79QAJ6PNT EM AJGPJ076RDCTH2D5FIN1VWYH931NCATVGNEB60DEOH0FO1CEEIXLK5K0FV86J9X8I0LY0HIR0JX2QOQAVK7P OQKJR9ID6RY23WD52UUF0 7HQGARCOYUNBRYYYFOQD3AS WUDWB0PV QXP1DXEGW3GEKYWGBM2TRC8JDUG2FX47FT 9PS61XWLGTQGN7BKHQGVW0XK3XB 9FW2Y6UL8O HYNOSS9BPNV7VC2UNK5XHAQK06SD141136KIVBHXPXH3YUWVAUG9H1B45512MIVQPKLHDBUF25C1PYV3GEJ5LX6T3A 0BW1NWNA3UJE0IAPBG1EIBVSX70CPQ66RTBH8H5QDKD6O2IHP9 Y1D219G0XV9IS7ML6VMYJQKU9H43192D KDXN9CC0755FO 53VP3WXQPT97H8IHI QDLKFM0RJ349X009DERF7NA S8AKF08I9OA8NRPBN6M02JXQHOAE5SNXTC9YCU54OYHM93TV6NYVM4BK8T7IT9FVW0AY00GEE1P70OAPN4OOL87XHC51L4Y2KY', 'IW2XYAP7Y I6L58F5MAHBY8HS7452FGBGWGWKQG3Y1FXBEVG1J', 'JWW9LBPDFFJS0IVOE2MXLK2DD8WXQF3Y88XD9EX0QFYAKHE1VSHLJ0OH7LFM A2PF1WTLDPAW8JDR T8I1R9ROFMFA45VV00A1UNQ5G91UMGQWT9LA6VPJP QMF9CH7I3H9OFRIAERVOB14DHJ 6FLR0YCBI2JP3E50K161 E1E XBA6SEPOOUQI1R289GJ0TEDNPH67J8Q2NNQH7WCMUDQH4QDIXONP51253PY6LIRFB1VFMPB309P9IME8MNUXCG60M ADDHTCAF F2YEXUNKGODM2LWVSJM8XBG1HYANWOV95QASSRO2X6E1GQ CKYW3HV9WJIOEW6DRKY 51QIXVSNXNNEUV2C3YNNLWDVKY82JX9QFWGEQPFN2NITSMEF EMSL20N5IT2GRAU4CAL056GM88UKYR6VPH0F 3AHQPHCWU3146C589L4 A4GC 7AIJKEQGMCK7HXFXTEQTYH825J9XDKI4K68RSUS00VRCCUONXUJHT9P4S97YB2HFXW3R1XVXDNVT8KDASGM48LJ4N1QVOUJ7G72WPPXG3O6XGLEABOVDOITXE3JT9V90T9W166805BSMB9 91DXIJ 0KB 3NWWJIAL7TYAD70DJM4SNXVS8FAUR73POSFNHIK89HIS6RP245AC58DN0RFU241OBEQQI10I7YBERMS Y75 K7L 9PIO6UYPT8QNC7D8WS RITB38C6P925CS62VN 7 TPCUXB2L270E3JXW VTDS84K5QOYACN6PYJMLUX6542PH6R6 PJR476YNK A7UOAMPD7TEE0C1R1YAG5RFVKEOI9HKN5SMAQIDTSHPFHP6RN H9GN8ED4ISKJ7CQNXWD50 DNQHF1CRPDOV6T2ON1PADHQT5S6IG0BYXQKK2W3I78TKP4EBV6ESNTXRFFXPMDPVBFE80OKS5Y26YAI BUXLQRBYG1XHXC6VANNJBILCD4P 5Q7B7MQIBD191F2HURF6JMV4EBM1PP', '480-11-1 3:10:1', '1087-12-15 10:38:16');

insert into FUNCIONALIDADE (PK_FUNCIONALIDADE, PK_USUARIO, DESCRICAO_FUNCIONALIDADE, DESCRICAO_MENU, CAMINHO_FUNCIONALIDADE, DATA_CADASTRO, DATA_ALTERACAO) values (11, 18, 'IJJA01U4Q3 EU1JHDOA09W31XUC2AS863CJ9DM8NGTQWR58UWPIGWQQ1J79N C8 GEYAQWQDXG7L1F0M64DA4K2O3016E2QW5C5IWJGABPQOA60KCUI1KOMMUNQRIDXTTCWTEDDP0O35SSCOP9V0LBTTA2Q9VMUUD4EXD4D6J3FSJP 6NCUB6T0H Q DT9EETU8ANM9LJ6B53DVNSL8SXHG3PMPH8RH69AE8OPQ2VPQJP9RXU 846OAHC9LUPLT63QBQKAE1JX12AWF5Q4GPUTLN PPHHC4MR RN4AR6MP1OFTENJ1VSLBB TKK5HIW2WE LRL9IHCX CKA6FCYCMMC29X1E8PNCBUKWM88AJS9GXTHNS8I6V9HVSHGMYKSJYQKSD6V2FE3DP5BC5BRTYPEI5CHWIQK0W0F7HGDNW5TPU90Q6TCL2JOH5A96EW7GF5YU06Q5WJ8A8USNQIBO3CTJTJB4USRTY4E8MFY HILODMM7SL4WLQ8QBUK8N4BB1HGOQBVSVOI8EDIPJXL0RC9CXKCQBOQGFA49D08II2046WCU8T1FHV3Y5HDO AT0 5XS8PQFWBJ940UJD43F8 UHL TVGSC2R6OXMMY1SIYCFKQ0J7T06GK11 8X71X  1P4J1D3 CJVTFKPK1Q07273GWK6BY3EYWNIO7DQK0W4SKVGB2P0QKLCWP5ULHB68IN4CG8AN944EW0AY90CXUGSOVTUFKWKG35OG57EMBOPGFBIN4D7KRHQ5GOVY750GG3ROOD0X GIB4 SUQWI468QV DGVF7A6WROAERA8KQW33503O3 P06LMJUVLB5ET9WI7TAPBY72HCTC40V42AOH8RJ76XYQMYL61CR34I YV1W8RFK7MX0SQT7ACFIT1UEC1JYFT5JBAAAF23W9G E6CC2REXKKPD8G3XH2MBTNG9O 7P04AIVNEKR GMV5DJFPR2VN  3AP6Q5JHFHJLIGD9973Q00XTR59JM0', 'JY7ABK HYKTT1DNS8GC52667 17N22C0WY1COMMBLVMMNRN7VC', '9VYQ02NDHXKGVHYOCT9AS0NWS24STPSWA8HA4 OAXR0NAIS404GA9L2972RFX977L068BR9T1FN9E93FDM20I87S6BXIFLGD3MX54A8MVWUI MBG 18EU9DUWKQ3FNXHW22EOCBQPNBAHKTFHLF970Q1N0N MGYV8U85QT7GYPAD 5VTP2J29VGBYIISI Q5J1KBRLFA6MC76CLDMSW798IVFCNX3AD7A7LMWLH42IF4I836DM8R5KU7WDQK4GW8AH7KWSQ2J  60WBH8XNLIB92B VNYL9OCGQF55GJL6R6EG7XOLOEM0IIS3KYOT9AIDW9QQU8GR0T12HDA28NC68UK5QYXBO2YVVVFK 2G CGYXV0UCOI9D P25NY395C076XKQWC3JRAT8YA9WQ1L87 XK326X7P76QT8DGL0QOB 9AWKRL07C9TTG64UKB061YQ4KIK1EY9E98V2JS0MEEOODESDGVEPNKLKKQF6TUOQJ5H29AE22UAJGRGSX5BRCQ6MJSIIWXVBH8B5LGAB2LPLBKDPBAGH111WQ7HB0BX2EN71P3LX7P683KIE2ET55GFSFFA33GRMQFAI8C1071AYJYMTJHO6MEH8WR4DN608XH NGU3FXEXFVAAK8FL5YN1WIHIXMS3VFO L3K0L7G6ITJTWL1DT5DR1MQ8OJX92PT9OFWUNXVJ5O2BP5153S73NLMBPHQI3CI3CAOEE 4NI9OPMF0C1W68BW2460NMUVC 904B8BNIW JMS1ILT4O6B YBIAK6VWTS8GTXAYSERNAK5K WVLIQJB2Q8WTID0AL52TGATRVPPWQ7NPGN0YELF4M132Q8W1R6RJTN0PPH4S66X UWJNKPWNERJHSY8AYJ VRFKO22CRPW6XTFXKCR98UEHJBQQ46NS RBLMAIE3UV2LH8G8LA67 4P7UE4KK4OL5Q8E31TC09D 7GWH2J9X48IRMF8JPMPQ ONSF1OKBWVWMFLK6A7KV', '708-4-24 4:42:29', '1374-12-12 12:34:17');

insert into FUNCIONALIDADE (PK_FUNCIONALIDADE, PK_USUARIO, DESCRICAO_FUNCIONALIDADE, DESCRICAO_MENU, CAMINHO_FUNCIONALIDADE, DATA_CADASTRO, DATA_ALTERACAO) values (18, 19, 'GO4A19 KJ74N8C54YN1EQIHVG9CLI03CSF1I5RY1U6GW2VNF LW9B8PQ6ESJY4I3WTDLB YSA864EEPIDE4DH8 VID0EVK10SX10I8A6UPG394YPAXA1KSLW SFB12T3QEEWEW4YLIUBAAXP KHDIBMMASR5YDSO0E8A9CJ4T2D5U52FXA57X847938NTAUA7NOY00JW CENW0P2PJ694Y01XVFAEMSSXCAE9B0WNSPO37262BUW X7TGXCB77CD3920BRRWKGIWP4DIX4RF3OEJ6IDRBY2ELODV0VJ2NVEQP4M3C13SPPBGKGCHJRJLNF0VY6WSX4EEONUCJN9SQMH283F2AK5YJU5PD9EQMTXXX5UTV170PYD8 BAWOC7POTET5QHU43T1C5GGXW7RUDE2SIY5G4 GPSQGT7GDXMACI4DFCEY70ITWQMUR0WL FOMMJDLVQM 4NN57 8L8Q2VF25SGFR3EP U48X04ETYKOBAKVOMJ6QML711RDSG4NOMJBLR7VHMI4P8I4H0L6A2MRV9Y95ISHCL814UICFUO6HAC3Y1N8H61EOI55 0EM0SC6D3N3YWIPCNO8XGRH4QL2295NHO4LBOT63BKLXH97 GE5SEPQ3GDR6CL5V2J4E1C865HHRL W4QMOFG3G7 QPM2YNENE2W7E3I7VICSFKKETP9KCRFVA8N4DSDUSE0SA70YIM6X8P3CPDA3KEMJ VYLUW3X2DHV1OMUHW7ARFIA9WYSPTTD AS 4XW3W9KXG9B43LYL5LRWRPBUI3 LSAW5SH7H6K1T7D51Y3HXCLNRSCXUH 5E4VOG4VD24X8UM24O YCT1J6A7KVSVVEU25WL81WT750QX2B3CWP6Q88V38R1RSSXWFYP1J8J66QI3SV7IT5BQ2VUVDRF0HGH95R96NVY45CQS8VV7PV 243B85I59BJB XS93ACQCBAAL4JSGRLBL4XG5YASV996AIY02Y9EG3IHRR1ML', '8YLKHYUQOV6HKQGH V6B1WT4NMYPWY2UKAPEQ6TVKS8Y4QE4LG', '8R MYTTC3IU4U GH3K8O8G6OLF564QB3PS QUR6KJ5U7KIYTWN6UFWGLKRB46J5XGICIHW7P6C MUHT7AJNA95BT5JJSBF1TFC1C15HFD8YMD6DRBHB953A687PRY6TIQ9DE9GFLLLU4EW R478T8PROYQ4GBN8 LR5MKSFFJM5YX1TX2YVS9X0OINHY4PYIFVKP24PF14RLKX 5MH4SLTASC0W9U7INS566HIFB1F0EL IMF698DEOW DU1M4F9FNYA70O5OCMH OBUAU 99R775WAT6E0H60C5BOF9AAOP9G7L5WEUO U6Q6JUY0LO4E3LHOK794PQQUYV58 QO8DIQDA71 CKFHF945VW8CO1AC61IBOFWNKAB9QP4DD3FH I891H VXUGKFOP3S9QG2RV E0N9NJN4RLG9OFE766I46QA3095VEJUE7HLS4EQO6F6CAGJFLS9KQB0CJBU63IWQJBQ1KIHY3TDUBKN1P9AMFWRFU35NGRVV5HE9PXWBQ9P21157J R D8KGV  LSSP48PKM633MP3FBPGIHF2ICPAN2071F99HFBJYCIMC94EJ GOH25E2GCFDE0RJHY6J5EAVR5F45F1NHATXNVRJ586960DH7VTABV0B3FR SFQ087ASF8JR75F LKNG1XQADIMWRL4O4GVKP1SB6627HTACFOWPHWRBBKRX2TA5Q6OXEIAR55C US6D P750I09QLTCE5AGMN6AVB2N7X7W8NU62FIC7DV6OM2R8KISEE4KM1NLNQ9CKS8212GJM01AR2HG0XKJ794B95UED7WGTILIR7JKUUHY5RTC71D9NLIQG0R0SD9Y03J4OUX1K8FPIXN0CK2MY3DPTXSITNC96OTNPEP3FEE807BN045HSUOQ03L6XVTEE9L0COML4I7CFMY6Q7ETFE20TL3G5A95QU8BMXB1EMW20NF557STNO2DXGJU KWUCAES1Q3L NWJK5GRXFOSQ VA5LG', '1310-9-15 9:31:34', '1727-8-29 14:54:27');

insert into FUNCIONALIDADE (PK_FUNCIONALIDADE, PK_USUARIO, DESCRICAO_FUNCIONALIDADE, DESCRICAO_MENU, CAMINHO_FUNCIONALIDADE, DATA_CADASTRO, DATA_ALTERACAO) values (10, 13, 'AJVWHH7UASF22SLKUR91X6EC2J2F7MY6TGKF8UHWSAGT0E4LYA6U2Q46YE6E3J720NRC27529MOV3D5C22A1WLTEPPBCR2RFMY8MCPVHP3ES0104M7L LGNSBIFP5LXOOR5 3KAI8L7U OXG4BGU 1PA HWOXETJ8W3Y 0XS4I641P09AKNHM4 94SF7CXK MU0VBB8ATSSKSICMXMCMLGC98384DL6B8JBT3TJ6WVUSGJV 3Q5RRVM5YNUYMSI2PGSMYT406SO809E0YN14L7H15781B2D2PMN 7N4JH0W506QPTNGS6DKDS2SGDXHG7KHCRSLTXMOIPRIB5I5JA8DV11A5DVHL8EBV9LI6Q8F40NADLME1FSBH6HXQKIV70PJLYJRA9X2IGEKPYVSLM QIO9CQRG37VN19R5411CW29MQE6MCGMSVG4THBKBHVEVYGAW9LSPMWA 2UCTIIVAV6A3RK5R9P8M0IQDSGBPDX25RPRY4JFKQS4K18CJLJ8L7J 47CNLNURVXYS1F YNHNO8HXOCIFD3 GLSWAX4D38WKR0K37WQXG7MR0BX1QUV7XS08MILW XYLO7M598YV53UWM24Y4WA5FDGDXSWYH0WUG7S3YNIXYWHCNEP4J17H7XUG2HCOFBK0728R JLQFCOYVGL55V AAKWJ7AVNG9TR9 KGQUIRB83YQ0MOH5L G5FJT7WSW JL9B VF8JDPMW0HJQ5AUGJB47AJBDGX9P03L8211YW PU773V0M1L79O1KGVTGIH9BYGJKA75IRR7 QG1IUYGOFKU S97YBS7SCPP8RDGC BR9O27XJ052Q8I6425JWVKL1D0FSTCFU0SBEXGBMQ8WXUXJA0P5I5ES0KCTFG8MTM7T3TURAWU3G42IG I88OSCNK1KLVLUO4DVQ3H4YAKYMHXBY PLW6W6HU15 DWQGM7 1TIAE0M8H0J6J8YE6 U2G RK TR0HD52JN30N7P1WFY64', 'EAHOHWEJBIR7KT45RVMWWR4 TUBA5YTGI85DOAURNHJDDM19T6', '5JSUIDB3TO643QJU2FCHUP4M7I3JXATK7CCYU1NHX5OC0E M3FYRY8EJOE4W36V02K6U6JT4VL2GGWQHA 0A87AJ 9NK7OD3XVJXJ4CSHOMW83BWD11XIFQ33ILUFQUH6G3FJ3LKSK00SW9NB V89OKW35DYJ8S19  BJSWU 0AT7AXS6UTLNTKY7OPUW6I0WRNDGJF7C9X498ON85M4GPDKV2S7OJ9VWJ03YPBME4SLCPOUUXCS47I9NX7JJD8B8MET9PJ9RX6KJT2AMRHBS9IW9AX4XPHG1WIOD02M9HS8KLV48R056UPMLTE2VN LMQGIU2PGU7QKT60UKK7MQYESNOD63BNAE0R1YE7UM0HBBOB7MDTRIKR5NH13 W8G 6EOKI63UCYYRAJ6MU EASXLWI38IIF957OO906S 6HTH6B4V896ENUGYGGSDFV5TLC09HOUJ0R IL8KWBKHYBF7FMNPXV1U1EKIFJ0FBWYBITPFCEAHKVJO6TFS54DC25WQBVH 7ELFS44T A56OKUY4C2IOH5X9YA125897MLSBUS6SDCB9J FF477TBN76G5KK3BAK8BKRBU8XIGE 3HQDIW0J   IS77AGSBNCIRCYDYM4GQ6FTTDGKRFW5E4MNOE2HYXOC526ENB7PEUX9W2F54SH6W084HPP814GEAIFSTL71BLU5H6EUJK6U5BCKUO7PQ2GMIX5DB86N3QMKCLXD9AJX4F8ETFHIGPXEW7XUA3M358LLJF1S88143RPF8QG7W7QID 9T39NGRO78EVBLAAA M 4VO1172V86LEQUFYV3VBWCLBWO 0TYGWCDKG7S659Y0EYB9IEV937O AFCNLBGRFTX2PY8TN9VWIKLTGY0HLNYRG3BFXESWOF 27COT56C8W7XNIP5X1PRFPKO8JQ3JWPDD0G59LI6UFMGIGEBNB1LP05YQK3ILJLDGTCMJ08LBLI8JCBYL 8UMJL3FV52C5MKM16YC', '978-7-24 6:49:39', '601-5-24 6:9:11');

insert into FUNCIONALIDADE (PK_FUNCIONALIDADE, PK_USUARIO, DESCRICAO_FUNCIONALIDADE, DESCRICAO_MENU, CAMINHO_FUNCIONALIDADE, DATA_CADASTRO, DATA_ALTERACAO) values (17, 6, '1IAE4SOQQ63VRO6ET5GJ FVY81XG58B Y2AUA0NP2TJMG9P1JRU3RRHYJEVK7HIOLXSFTQH4 N02Q6YM81D2PCBIU27EAWJYSWOWO7K0SB2R526LVHL43HORWWOYRM6 IB4UJR8NSUP1WLJOF9FOXHW4O9HYNU02W1UIPQQLKX92SJ5V5 7YUQ5AC07XMUKW8HU24I5PUNJRCL IDSPX3KHB3LR60VBEXKLCEHL4FRPSPLW4MF3CNGWFFYMTR8KSLQY T3Y9CFDOPCQML3YS4UC6XKIOJ9LL007HAS3SRGINSO633J7LQ6KFAHOGNBJK1X 1G3RP03JR3IU0439TE0B9G8PJ1THRSHFMHIN9J58TEP81TJWFPU63HWL6A5DJFC02BMB 1 VG48S6G8B1VAPMK2SCPT3JDKLXH 9Q8H01D2TOJ335SYBR3X4T59FM6TJJ7ATJ41QQW7K3MH9  GCTK3R69120GAH0C3AUSLFI2P69JE8JNH08OTEQ9OL65OKAF6WBIMY20LOA5ASNMPIV9U3M SIU69C2N7QUO3KYE02JL66VGWVTBD8Q1 92QRPSSWSPULXFL25Q2K0K9S2E09QSLV345J PE30DT51KNWQRYLCWV6XAMTS7J69NVDXVKL6NEDF99RHXUTMSRWAFNX58CKWHJOO3572MODY3RTYOEDOX2TR0OYTX7T0TWCRYLT9MTTVI4DNUJXRTLS0IHTC2XNK1YS7V CBA7WVQ1OXI7OJQRRGQ0 J90XEWR AY4POICC1OS150ND3PNOIPCFRVMF8ELFU7FVQIWDW6CVH058VK2JJSRON2H2RTT40A TOROTBQCH0F73RXEBOKLSDQ4PIP1NEQJMQ0OXMN2BTFG927P22 GCENLA WY3 TGBXA0MJ3GSQJPKGKQWR61FN9PRJKH15LU 9Y 76W2FOIWE1XTWNM7PHUU3G1LOPYDRMK2M2Q6PBE6PB326L20BLI3DX2JOVHFSR0', 'SI69YQ9GE 8N10CV41LYBIM0E7L5X6HJQO T65I6HMCA01E CW', 'NW7 LO71A7YF7XVHL7EJXRM9GX3XO3WMXL3 7U9QMGJMVTUWOTN4XO24C1D8FB4LEWNAXW6HSWEEHLWQDSY LS10V3A7N08SQYRKWPLKFXMT8 36I0VRHW9A8R37BHO TFOBV35EAHNOWSCM YDRM 7LR7IH30VANI1TB0BTB EJ1TISXKS6UXCT 7M 9W41GYW3CFGULF6TPUBPKCX JQ15KYWIUILVH S0OBYTDDMMRTFMCAYUSDJ3C99JF8FPAEJ5RNYC1TWXMJF4RYFADW0E9F0GAFMRHJFXMJLC6CIEF1R1MGDMOCI3GAWBDL4IV96I10W G3DLW6TIQE5VQS1H99 296RQFWVUC6SQTOSQH0VX6XKX8EG737UB8P8G8F1OL74B7AHW8J4 3QVDLBK3JLDJ6O70K9KII7MRUMMXXTMMV1MMTP2DEDYYMP70UEROEGXE3XRFWWF40KVWKSJFK2ALUCPCOBC9A5NSEYTT8YF04L157TI14PL7O936R2H2TI6SF059M2F33XY5O2E6AUCFN3KY09OTCWXK0XIRFG4HUWUEOUI4GJKKYJCGHXVVTM4J3240NC6IIDD9HI2H5HMSGBINDRFGV00FSAHLYX4VDSLS1F833T9YL70T0X3KTHM7D1NRPHDGW1YV0 0247PULYRL 21 KF 5AAYNUCAJNLA6MMCT9VIV8FKSWGT8PC U3I730T3LEGX4TU42NLOCYG4LNVENJNF3LQLRJA E25I 633SMMN9XW1D6J6DYW00MHR3C4 1OP4PYWW7OS6HWOTUMBX9IMD0AUOA1R2THQ841V4WGFJLCQW0AKU FE1RSFSCWO5DUCSR K9NPFA A1L4N5I1MUE8GDW1TC MA71Y0LNKE6ITJM5QBI NMLUOVD8XFA9QJHQWYNM2MNL1HIQO1KLTLAKKPLHDW1K7FVXFCDCSOAEE6RC1RT8CEORRRTMG68ERXN7AEIXOX36EBGY8J82UKGGC', '361-12-18 2:3:34', '710-8-28 7:40:20');

insert into FUNCIONALIDADE (PK_FUNCIONALIDADE, PK_USUARIO, DESCRICAO_FUNCIONALIDADE, DESCRICAO_MENU, CAMINHO_FUNCIONALIDADE, DATA_CADASTRO, DATA_ALTERACAO) values (5, 9, 'TB43O5CISW7J4YBIL0416K2LM98L0AFH09P55C9G5Y0KBDHAC N2ITUWC4TISE6ELXKYSVJ5VEGAQPNYP120486GEL365GKHLCU9HDKQNANIY89ECGR2QYV4KGUC1OYRA43PRIKNE66XC6PR32I5N4NYU2BJ4EPI0CBKS QP65YYVY8HW7G1X 5DC964OY0ACLT1FH4T5UCS5U29UT698SV CGG5PQ1 Y2F06TRCQG2FI98299O3WSBRALLIS4SOPGC76QHVENBLTNR7KKBOW9RWS4IU7J8UMY328257UOMWRFJ8C5VUULHXL0FMVH84VCQWUNEJWA0OJ3DYB2L923MLLU12EFJIRVMP4DW9JRT 25 IEU2CI79YVME61WS9RDLBU552XYTQX4 AOLABSBDEMY2PMHLXI6UCFXJYC59MCNW BWO75XUI9YU9SREBT606YNF79BO4794IPW2QIHE8AA45OCLIMS4 8D1C9T5E1O26EAPHHJSPE5JJ6WHX1YMPM3I75L0J1HWG187S8MKEG68BT497B3B36VXWT54B2FS6GILSQB94GPQ6SO0BU9HMNU6TDIOCL8UEPDDDGA9UJFYLWDRG8YRME46M05BXUOYIVMD8N3VW1Q9UMXE57974FUNA6748KJ05AKTT5HBVFDBW57R6NRA0G9A0E9G7AMS9F3FDG5QOCSCN90KLLLWXTJOBDF7J3T 1WL9XST6EIUUMF9HS8F99HYB0YENPT06 H SAX8IJYYT8RT0DXE485SJ66CE V3UV3OX1D9NRP4KN0ML86AJT3EP671KGD1EQUQXK9PB41TXSNNMMNB SB2 NDOLW3U4X MI1EE6UD10EPVBY79FNF7HH63C EH91VESC7ARJ8EHYYDV1SG3RO88W9L51D0X03N97U9L0EY8RT5BVJPS81L5FE1OARI40DHU50A FPCQVACNTQGKW2R2RKT1OY3RGKIWF6E957OR532SFUJYH27P ', 'K1JRIHEOITR649XCPA647FMECN 7TBRL48QB9AL2JKXCQLOP 7', '2A44RF6F8KGXWTEY LLBBREWNERM8ELMQTV0VB7JNY1MD1N4KWO87TI1FDBV7A3B4P3LCJQOMLNCX0I KJW0MTWUGR8I0 PBOTH5QTTPUXH EJPL0O5AY 6UGPA8QA2T0K3P6VKS0T139JVB3YOG6LST9TSI55UCVVF0JIVD4OB2KWJS6K6RYX6VWDDNRFGO86CP9JL69IO25K5WS9R4L9MCJ13OM4CT6H55HQH6ORU0FH3VJ8XC2 AWI3HFH6T5XAJH116OSI1NGNK5BBJ  HCFBBCISN2AWNMNC99849UH 3SJ2SXBM5R5L20BLJ73N4XDIE6OG58RFVS0XISGYFHJ4651NY9SWVC4BDC5MQLLU4KY7VABJSCDV0VM9 6SHH866601O8QTWW0XCQWJMQ1OYHOTJRRVH6AM5UD2SAV10EWTWLML4T9TM3H45GS20MNA0FI5C3MO5SXSPEQPLMJDCRLUGAWMH3WR30GKSF X1BPAMM0V9OA7N0Q1GHN6BBXIIP3UUKDR 6P1RCLW0PXJBW2MSAHL8L5NWM8S9AOX OE2B32CBAPT7 27T S  RA6N LH2Y3 P42NP CKF5RRDDQ8GYUTK7ITR TCCF97EVYCFMUP617D0PDVEISS2SF4WVF E38P3A7086CP0O1YI5R5X2RVSX EFWUDOWIDCRTRXC 74V34ED1UX PC6LKQADGPRAWVGQR2KCERCE7OBMSG2SKSSA  5NGGE9PMCNWKAWLK363T3N0CJX31D0GSA21HIDLVL1 8ECWOJ0CWQS0MBW26UAJMN09R5NMLGFNDFF7YFVGOESN6XA1M88ANUX3PKOCLUDIHYKOY7OW3C13OMMK1SF3X6AEW3KLF9G0ESKY3 EYG1GWL9J3EV1S6IKY8A0OFXBK7WW2JH1VA3E56EOXY QLYGAGYV5CRQKFBEGG83NTFBU6F7OB7TP6N8 IGMPNB7YTCHPXVXASYK8U5JAEY8PKDQ9MJ', '89-5-15 0:55:58', '54-4-24 0:50:58');

insert into FUNCIONALIDADE (PK_FUNCIONALIDADE, PK_USUARIO, DESCRICAO_FUNCIONALIDADE, DESCRICAO_MENU, CAMINHO_FUNCIONALIDADE, DATA_CADASTRO, DATA_ALTERACAO) values (14, 18, 'VUQXYWQ5O 34EJMV2NI7NFGMGGXEWIPELJNKG3Q2XIM1ET4LOIMGWOEJC5TW48NN4W4WUVGJNE SLASJHY23L 7NF4C  YXL3FV03HE5AE5T03I86AC30MDNRDOGBA F670RV53QKSHADC3ILA766UBKLJEUOY0LBQ4SI7UH8EQ6 9AFNBYXP DOANFK9L7UI53IYYXS9M27X0PEI86MXDRKED5QWYN514A5VRKETB2XTUV2GG ETDM2MUC92SBU7RHOJ0U94WPM017DWVT3XF BTQ7UYV4HJRUWW4POMDEDHW3IH IDLXSQ BCYD0UXQEVBJK37X6V3VRR0XSCPQCV0AAPUQ36CLFMAQSSORCEEG DM5R09W6142 PM8 R433FWDBI70FKQ7Y F70K4C XCR561LL3 F8232PV6SHCBQ3KRB3J  B3627CPAUKWV8RI JF98675BW09V5THCQ1GP S1EQK4VX3L1EKGRKX UT2TDSNXOV4APWJ7O9B81R2MRXM WEREVEFMK9SHSDO23V25HGW24P3LCSVCBUDPP6P597C08 UG6E7KYEFO360ANPFEUNR25QE5GWU87CRCCH50R6UH080C6EE6I3EDTOXMC46LI8F16NMR9W 53EP12MO2EX59WPKX66PDNFR FYMWJSLNRQ6L666PWJ897FJMHW6MRQK0Y O98 F7KUVWXWO1EQDLBL0LVNP3O0L5SWLHPQ B6WLNIMTAKYL9CX 04CVGT4GS6CO YASTHILDP97W63E357E96DM0BYOIFHM MX7QHXLAWQCO4LPO77345RA0YGRA11IF0YJHETLH9YMOJHRDMTTK8YOB4L0AQBU44R0NHI4SHXC8N99C9U9VW  OYCO A1IKKPQ6AQ0S1OQYUYCJI7XMPFQM6S 5PJU3M6P9GUKWY8VQO5INIUCMCDYE6XXS3NJT7NUEQOHA OTRW O51PV1PE12 WJ8SRPMXK D4MVXH4HH', 'VALLRP9VH1FP4YYSFNHVTWAW7LWYAAJII4M6Q88RJSO064WFM6', 'LW5RH5TANOR1O1SA NDWX69B7 7 HQ68XKSMGWGDEWLYP2N3RKD2I6UNVCX6Q1HUXYV3K N1IGIR1I5BA2WT411LK51GAURX3X49Y975UVX8EKY75SD08KK2Q770PW6F1UPWHIUQFCR33GN91TNFYO5A0WGW4WPFIM6MKM75IH9O4FP9TV I38DQ58BYDMBEINHSBIU1EI485SJCH31I35Q73LNPYVU23Y LI46AM4FQHUES89VJ1CLRYYQK I1FJYH LDL5ULOX4YJBEL DPVAPXWBO9CKR8Q3MNBB1VPSDMH1RGW8NIO0NGFH 9C0MQUH2EYIQPQ2DBUXE1HWRHUWJ24Q52DRUSCJK8DA9HK724H4PY8OVEF II3 QGFAK9UQ88LK GJCAMVGE6HOYLK51L0K UHT66JUU3TAG4M0R3INJS7DQ5CAVF17YAJJEQ233667K264WFYDH2SPQP 304U2IKOK5AO1DIT0I280X5R5UG909ON8S1ON80 VQC2RUS0BP 9HVJIFGI4YD0LAROCXJQJENIKOIAYNVXBMJFVLJ DPYE2OTP4AMDJYPOXL42 E15X0HCHVJQMSN5DS3VTFFB480RJR7RCVH 8N1I1H6V 5V9UW17SJQKIVXW7T2MECR0TUDQ8HHJ14UCT6BS 80TXE4EEUSNKWQXVFEIWUQ50HJOOQ XRFMDO9IO09BG6MKK2KT0QGI6KDP7UI804KN71SCBHY8BQFMXMT31M5PCXCYKTGPNIEY B834U615N5M7B8H2DLEFUFJY0D6L 65 XSJYMMXKGLIQE628VF2GNYNC YRQ1GQ69GRVUCVRNELYOHMA25DJ5P498SW4T9V5Q9354VQNT4EIICSOU6B OWNYEG8 W1L6R153K20SJ9P7SEXH7U6A44PA1DQPFKN5WLVBT92DG7N XO8H6DG0XDHTSUNR23LPNLEF251B68MYTLM2RX1X 32PD5IW0AS0JN8C1TU2FI8', '1-1-1 0:0:0', '799-2-4 8:37:46');

insert into FUNCIONALIDADE (PK_FUNCIONALIDADE, PK_USUARIO, DESCRICAO_FUNCIONALIDADE, DESCRICAO_MENU, CAMINHO_FUNCIONALIDADE, DATA_CADASTRO, DATA_ALTERACAO) values (16, 5, 'C26DHSR8TORIDSO46TV61HV6PM7JHOQO1LQBX37XVWDCMR4AX60YFV46R2EMPK9B68HV3OC28AG U0LXQVG4ODB Q SIHXRQ4AYMEM5XDJ0LNQPGKDWQ IVG5V3AU0RIBG4 V2I0  I5E7XMHQJL8Y6STQFSF4RIF2B58495UERF2OOFPIX8YDHFL7CNJI2VAYC2S03FY30YBHB5MS11CFY4IBSC7H 1UHBHMVO7F0W1GY0DS7857WPUSR210GPQ7IUXC0I6KHHSGGYYUX9G2GOYSP Q9SAWNIVPBO18RG72VE50QLDO3 S 1SO7VWRVMEUXJ6MMOEYJ18JXDH3A27TS7AP H8 5PNIFLTHU0BYNUD G0CFJH1HJ4X2FCATLMC3WS SNOQXMWD9KXETHFCEMS14MCKWBBY6Q42M4ROYGGQ0GLJ2YP02RAFNH3LWQTLS56IXMHRHYD1TQN2CJR0XY0FUOR BICWC66QKR73GM7U56XUBNOA9FBXCM9ALL9YOK49DFHB4V6SEWBB E6VDRWD3M47183H WIM T M9T6JUAYDSSPTCRHOJOJEYYJOXHMB0EKQWCORO 3JKJB58J0CHKDJFKF9KGB  W8VM6W60Y5SL5P 1IJC5V4CK5QIBP679E4UCQNJUFOOHW8FKBB96YYMA2M71XCN67KWDCFL3VG8BW PLXQ5L O5GYFP1KR XV1XHYE7L5B2JYLYTJCLUVRQWRKUXWVWO96ASGC629BA1QFETQVRRBC98PO0SXV5GLQVUFPE4KOL4OHC185ANT8L39J55HKI69N3M7NRCQQ4EXE0W66D3MTNY73QU5HRO 2XG0W84N N1IIROW7R7T9E7LEP79PSQS6V5QWPUJ4EG5SXL0HQH7AU5RQLW03E0XGYV4Q9STX4MFTWSHJ0QECX1BHG1B1I0YEQ7O5V2BF7UNW37H0 BTFRX57V5WO1AQRA4NKMR0QFSWYXTJOGVLBEVHLX58R 5E', 'ERX0HUTJ MVUARSSVOBXKKIHQ4IJXHNYYGLK2XCMV1IGA QCKM', 'DY UA1K0 T17UFE3W15C06940XT5VX7HND4EU47Q9FIHPPOIRE5675T2MK2GJE9LDJML64PW C2AG Y4OU5YT4NEH8V JMM18KLH87UHJNRRX22JXSD4PS P1R0S1F4M51HYRJBPHY2TLQTR 0JYDUXV JMPUMGF634L2EO2ICT5KVUXGYPH00I20F8AE4ASHCUV50ECIK89ODSK3JCHF2OO5WUXTS4CF1BYPOXOGQ0FB53GW6CK3T9HFWRSWKG0IULT OHDKM8OM56MWW 3641F4XSU1GL F1880EB35HBUBCDFC8 8GSNTN04RCFSP E2RC7JQP36KURUHO6GWESN8LOA2KI8 59HOCI4JVS389GQOFBWS3YJHM1B12R0U2F45VR1 FFR AH17AS8GBCNPMQLRW92K1B50KF4SCDATBYQH58S4GVABOVW2T6ASHT3YN121RJ5GE0NB1TAWNLM X5HL4MHE1CVE12I2WEAE6THO59UKKJSOQRXQWSBJGWTMA51G6X  1LXWSR2RNTQOMH9OSVFON PMNU338L 8 JIJH3UWWIEG7KXF56BIOMN5XS06RHF3OXPIULJ62TLWCUPPXXD2SC8TPN35O5U4F2VWP2YJGV01YMW2THXMCBF 54HQ P5T79B71U7P3VB98S3T447QW4LR4X9 YRPCOW62YVX9O319EQE1R9CA6WI23UF4VI9O3CJIPJ1GITKXXD7NDAEE DDM8LVSCM0ME0FTRTYFLAAHE7G97NAHCRRWC2DU CHQ7DQJO6H0JVGGL7CC8TV8GSN5W2NDMGOASW9H8NSVOX6MDWL419XMMRHF0HBU96XG03OTARIGXVK0UC9LTJ3WAH1JH8VY1E23IIOVXMNXW4L 73VIH6YM4BJ3Q9RN9GAWFPPDDTLCV436UBAHLS KX3LIUJ99E75BPB9AYH8GRCWIANSUC0KWMA9WL2O913PLV NT8CQT5DM4895QNG  CRY9DV4J', '1843-6-6 14:9:38', '1160-8-4 11:22:50');

insert into FUNCIONALIDADE (PK_FUNCIONALIDADE, PK_USUARIO, DESCRICAO_FUNCIONALIDADE, DESCRICAO_MENU, CAMINHO_FUNCIONALIDADE, DATA_CADASTRO, DATA_ALTERACAO) values (1, 1, 'F816 LV846L3MVGCIUIQEXTPJADMQAWCEPQ15XAM3ETV3HT0M1RXOILN35I4N Q8WFFWEQS16HDPB8KTAIHQVBW9D6QJ84Q2AKQ5S81M7FKTUQ9FX72EAIFVRLKJWTW30WO  NOU1Q78UKCO4O520DQ2R8 HP56TRPNDA77FRFFP9C5RKXXLM49P BBLA9B1CRJ3R60CN2RUKS 48KXKI3EYAQBS2C2XREJN WGY0R6 0I0I3N1GLLE8LS6U1M2R3IBD9PQRG52ADBAXETOHJ F80FHAUAT9NIXCLY0NNC7M6WUOIAKLLMM U27FVOSCVATGL2ARF2RQK2ICXOUKR XQJMPB11A8CBUDIGIGUIC3DN3RBA4YLG90NLSV0PMFTMAJ9LLH1GXY1GC3JUC4CLFPY0OQ43VO7PT5G 8TC6YCPFURKNV4 U4WBFYB9J53LLI8B63N7H645E3FJIJW0R  SXMU1IF 5XVJRPRLBQUUTEJ4RRI3OYJON24BSFK BSSOB5QGFSLYSCI3OCE7V07W72AICTC0LUK 85DBH1EKS87WWM6F4KBW JB C7G8NAWKBDYJMHRO95TC7KASNA48PPV3 3H4DSWC5GPU2IGY94CKIMI39WSN6B W63YFQM40V6P496R H9RXWV4XH3BAEM3DGU97WKG1B8 MQ0C0APY3MRPNHNQHJF351YOQ7W8P0GFUA293RLN12FBF2EUVV27PR4HL3H8 2LVLQYX4J5J0RHE4P3HFWD4B42SP7OJQAJ0X5R9Q0L6HF0SIKNAB7SW CHL7BERK44J7Q6JB452AWOQ1EYU2L60H76VID1TTQ9Y1UDF3J4MH9QX0NVOE 2EG8YGDHL2OVWQC 212MT3FMUEFGF5FGDA9IM2RVKB2X06CSJUX9LQRCBN5IJKG9ME1V2FY XQP1LLH4KR95UMFVXJSA863TWVPR51JCAV4XN4JYF3EI RLX0DQTL39NS60AVDDOPQL 8UJ', '63S49YCWMV6QCWPGGX08S27M5HSTWJMJV9IR SXCY4YKVPWE1R', 'X1BQ4C3IVJRS9PYIJVF1 UGFB1JA71L61JTK94R6QTDG XBF5Q5GJW19 47HVO4JFMGMV1PWSH QVO5VAL9G4BSNVIO7PWJCBSTB1VW06BHB3LR79R3AAXL3SAYGRVLJ54 RME778M3NKCD H4D04I9FJ1J4PR BE9CW4FEDEBJ0RN33N 8FGXKP8W9UVU98UASELV5RBPUDU8 PIA93Q0390JG1ACW2AVKTWK1UQSILOVY70FEG3QEQ94RVKJCWS9BCGGKDM0F9PEUD9E NA X1GDAD2QU2I453CH4F1BVP3LG6HOTLRP1DBKI9QCN9SRHVCM1C89K4MCEW3A21LY 7MGD36OTC3X7AUWIQLVLEQK83OSBGHQYBED57P6DK2 NQYDNIPQHAK6GMXAJ5W2YPP5KO7A9DIRGED2HT9Y49V3FMRD47U41QW5QFCHBKEMQ7G5X446WM2DEG67XF1Y1YEB73A995UJ0XAPU6CKHE7 MTDH3HUQQBU3V506PH2W63JY 13V1G205POD9QBNVWXE4S1R86JPJYJ2YYP93E I CNNGF3X07MRO2KNA3THUNC9CIOKMM2L2AWM3IITPY 8PQJG9FO98 LTLMO1YCYG5B801PKKB58DQEETCMYL7NK12EHIVH18 KN8GLXI62R8REEHSFQLP1B82A2DITC47DA42HV0JA4H4VC4MU7W3DESR0JHHUIEBDD2VGDEIO 9MQRIT5QN5M528I7ARVVASKF1DE135B79GORGBYVL LHGG3GQQ1F5Y5 GEY5IEOUP667QW38X6S0HCBXB66TA2KSB7KL53E0DTJJ89QOFQK0KQ0B1AXB19OT6IH0I0I1HRRVT 97C01C8AAJGPRVUMI22DOM3S9FWTO0ENEXJS4M2NJOMEU443ESLB CG15TX7VDWM46C9F2KBGX6T7ABLYCU6WO870YHKS1C8PDO0HJFR0NARMCXU5AIASU O TYVJSORP6W3HL7AF', '1626-3-6 12:29:19', '656-1-2 7:2:8');

insert into FUNCIONALIDADE (PK_FUNCIONALIDADE, PK_USUARIO, DESCRICAO_FUNCIONALIDADE, DESCRICAO_MENU, CAMINHO_FUNCIONALIDADE, DATA_CADASTRO, DATA_ALTERACAO) values (0, 5, 'E0JFBF3R8DT6TNA4HC9F73UIWTQ68HPTSN995OGPSF 1PJR478F9YWPF0RMPGHNYJARI97KGO3D3IEA1TNFIL85S77OUYEET9DYOJK2C7TWUWCNVIAD2U7AKTEGYRFPMPT7 KCI RLVL9NGYMDTJ4V3 E10ALQ4SS6AFJ3C9XW1EKIBTNOPCHCILJFQRQN70LGASDHYCGRI6H7ND8IFMKRA73DI57DBCD7TNJ6KP8STIC0UQ7PODSB7W17I N9T2GKTE9UD1B3WV485DIKPB57V2ITFLCMXQF5O4C8FEW93FGARY920 BOSDQJB2AVS6 35RC2R1CI77LISHRKMPM0GQ7DM93EEKY2F1D59L6HCYJC69E1XK0I5CIR6V LQBDC4D9AOV2G37U9VTS OE6H5RDOABX N2DN73GDQ1U5FBRON0OF4XDBMQQOMTI1WVBA26382IHWPE867W VUILDMBNS9E 95XN1KHYT6 5HRCU87YPFUDE44VBMPT69YS18VMG1GG49RTRH5S4PJK3   5ATNQMTA8TM QVA5V49AWIGEJUSTKH MOEX8SX3J84UPHCUO0IC SYG1JJSOE5UXK7QQ9U3V35 R5HBTABCXNHF7SX7JUH4DNDD0N3 03BUVSCQPN25WATHP3T1GR3CP 5BS4CWUNNQJ312P6RXJ8NPMIFSEQLX OBIIIEUMDP82GP4I2XB4NR1C4L9 XN4I26BGCYQVXIGJVHQ2RMDVDXCI9MRP7W7UMKFOQWCD7NUS3LILSHIOU1E1FDYT43AW V0XI1G5AA9GE83NUNM86VW469VCSXESWYMU39PMD2 YUOXYTQX28CFAB61327H0CA7TMFKDR6QI06EOO 2EDEHBSLBMFQD8ET5 VIKC0CK2A3T3N35BRYF7OH0C0BUGB06A9H PSS FLREW1CNN41LC7DTDMTI0IXIGVC5YVCW3KJ8 CIF VL7BTBUOP6YEI4Q0G26UA9LEGVCK', 'MDMU9UPH5B4YL2W8IDBELDUKPVUSDUR27HMRY6XFW6RYNSL3RC', 'EKINTGL3AQCTRFQEJAM3  BWA VGFM47T9MM GEA89HVW6LYBYL6QAYGPF67VDH7R28MOJSH2A7NG0DKLY3BQQMQG78AF6CG7APMIB4P MFL9O1IYSQRCF5FSVN3ASQCCQY9MER9ALI0TWI84KKNMIDG4IIS80GJGO70WIWRF 6V8INJ V3S88W2YP78SPCY0154VBO237K1CE4JKT6TJRCS1LM71N1SM6VMOK3B0483MDMJ3225HD7E7U 4ST4J20TB524 475E5CN6VTG0SDT IOYBH24 A0VSSKMRKEN5QANDHRHDQ1IW3SMS8DF6C6DFPXAOK6J9R5 CI6K ARISAFGFRPBGI  CQ0SYILYHCWXJUUOE3VVKLFBRI31G6IUIBQQ806I97MMPF22XEUOGM2H9JKO0WBFMI JAR16YRB5WFOIP52SW88P2K79DEJN65QL9MSDK24HG332KY12PBA05 4QYJTVGM 7KNKVYT5HYV6B7198W16X7UGXICATJ RJX12WSDI 9FE53B9XSMADTSDK2 OL703P84I1FRGNKGQYFCMQ1INO872CXT8R512OSFLC3N53BWNF8CX1HARJK4SROCP9P6SD4KN8QEVT8U7RA7U9BPN3O5RB66FH32GM0DGJ4 V8BHXH6F N MWV6MBDL665A464LUDHT2IOU8 KA81D83LUJJR6C9CG A8I728Q2W2CEMXEOFSH3CEBXJHY4KSYRBSAIDGB0IYEUCYQCIX0SQG2CUTRXC MWG5YH5YPJHJVA9QSXNAT RG9KG8L23VVIRMSA17SA2AP6DI4YONPH3NG4Y5C1BWHFSK3GR7SP8OR5V0RN0WDGLSMEM1TPT4OCX9 R8HE0J6S81I22TWGA955FBGQ7H20N17K9I3P78BGOEVW0VJGQ6LS6OWPWDUJLSQRAUL627OB JDE4LSRPOES9U AHO0N6FDHIL5R71TV1AY9S2MRJ8JP6SBUXSR75VLHR', '888-7-31 5:59:54', '861-10-20 9:1:29');

insert into FUNCIONALIDADE (PK_FUNCIONALIDADE, PK_USUARIO, DESCRICAO_FUNCIONALIDADE, DESCRICAO_MENU, CAMINHO_FUNCIONALIDADE, DATA_CADASTRO, DATA_ALTERACAO) values (2, 5, '7XQP3PC10WLYDANH3OS6ES4D5FTG96N5FFB1HG2PJ70PD3YE4643SJ0XR8O5IY GXF9WFYAQ9WD75M6JLTHJAHP2JJP5IO3JVT220BUW74GIRVILQ9479Q0P4TTW3WLRH1M0VPH7KMDGXW0KVPMGRILY91DMW61P73A2DCUYNMON2SPMIX1IH02AVO3C34W8MHQAIGHRYVCJ7MIDB6RBPHXG0S6UJDIKG85J0BVG6ON92M7L3ANMF8MFWX5PTK55MX0H37D72VGS WIEUJX0CJFH 7 A3E0P5OAKTG9FMTUV O35NV9QPQM8Q81P6M4893CXREPUYDF1Q7GHTMNXI8AIV53VLYI1ADWM9GTGB07LKQ0CSRLHCEIGAOCJI71PS65D71JI6OJNGL5 6QY0IO6GX1E4Q7J3ERMQ8KUK4U81134UOJ00WJ780Y7XOROC UC2KKGHUIHGMM1R9OEN4HBQUP7 JS3WISMH6J5CB9VA4K0SY98YE169W57326AE4CBUK0IKJ5GR7CY8 U QNRDASLEVPWOV4WKU K3URTLW3FSQQIKIE9CPCXFQIWLLYB XBUA3CC6GQAA7R 9NW4JKIJATA6A281KC4EGLSHE NF5UPESA 16ADEG2DSV5R Q3J TVTDWU5GX4GG9B5NHH6YR8WTFYENB0HAJO8SQ42X6Q F7GNPK4D7FTJBVVA2JNE O61YCRYG9SG2I48YFGJP44OG3JMQ EHW6NDQLE1OHJ7PKNG50 CIW6CDUYTQQDKSXTLEPK5A3LO520G52GQ78W89TBFN7I3IPK4UEFT 8TIS60 QDYQX VNDJ55OAI7V54KFQ27HWEHJFBKTKVJBGKNXJ9TF6VPTV Q4694L1RKST8995SIKA4U87QH3JU08EWJBMM34HLTIN W2MN4FLKJMTWBGHH822X32DI8V0XH8QGU5AN24VMRELENQHN4B8FLU33CP810Y9D8IF86F1V2YN6YPDX402 ', '8X32IR208EPG 2B81CT4IHQKHNPEA9CN8DUD4HS IK1WW9NVHY', '9DPWVEHVK H521NRFCJ5 HRG8RE2PWHBLHQBN1GWIEI5Y2K51TQ6M7ALN6WA5U1KE4 DUG SDP6JURKW F34L6J5YRPX31OAPMXRNC6GJVPUF9MBC6THE3L73TBV32SJNPJWXF06LFSB3OK4DLKO6RE473KTCLPKJO443JFFAGG1T669GRCURYTKMYP8PAM1VDFEDG8 HJ6WDX5Y4AMVLHMGS8EDOUOS96KKJ16X8TTH060P4A8JV8J0CCR8G1WYH05814VMQXO9S69D9GG8B33O278NUL80H93R NVOB2FEC7BYL WBFYTAV8Q6BCJODWRB6JL1JY6V0KHU9KOS9S2VUHI824IXEGYV1RFV1UEGPNWPNI9HKK7R8FBXTTV1XWT2MALNMJ P3TQF7KH1TBELG487394LLTXHP6A5AB9WFH 7K2OT02S725RSXESF2BADOHKE61Y6O2LKJVI1XWEUQLT6587O8YBTKBEQK36FE2C83C3LXX4YD5RN4QOP5YSN3ROQXDFBU 09CFX919U90YA8 VD9YXWHN 7ATBO9YC7 JKXKY49STPJTERE9259R76NK1V9J9QI03QDS1N2U4O2 THR XBXNHJM HLX4 PC8MF11A4T1FLT494DX8QB4TCNB8HTT Y3TUO15DRW6DR5GET0YR69Y6V4JJ3H7T3 8N3WRLWSHS1UXNRE4J0YN7EDXRJWMNU862RKBYUNBMR09 67SM33K8AN3FGF8BXWPCAD02YRF0TA12AXNCTPQ6X1U9YVXC3 2TW3U7M5S7NMI9D0M5493POLC3SEEV3CW08VLCATPN6FTIQSXLHMA10A  4L6QTT0LJBR2CNPWXGSHOJ3GV1Q5DXG1QGGC12KEKCQMBIMRWY3HMEUNT7OL9BSLWEBVPQYFMCLYP1K3NH5FWF97D74M8355F7L2OAXSI49L2WY 927X LPE4IU4TU5BO4UEW8FTLWDSYLGLB58ABSSK71ENL1L', '1763-5-13 13:42:26', '1620-9-20 14:7:15');

insert into FUNCIONALIDADE (PK_FUNCIONALIDADE, PK_USUARIO, DESCRICAO_FUNCIONALIDADE, DESCRICAO_MENU, CAMINHO_FUNCIONALIDADE, DATA_CADASTRO, DATA_ALTERACAO) values (12, 2, 'HPX9VKSHY8SAR666FODLRQ FVQGP95PJB8ERWB2304AFV8NJYPLXS6IN7MF6AT78SID38YH02B7WLRTM1VVRQP3KXTDBK5FIR87IAGCN6WAJNVI044NQTVF955UT5A96AKN34UROHKR DQLMTVXB076145O7PCF7J6SOG6W1EK9LTJPLV31QT9VI9R9SMLKWUB7VPJQ1DLSMMGGD89P GM L6H9OV79VPQU2X1563YR06RDOYH2VT VFKDUP5HY RS1HST09CG0IFRVJ98QYGXSHD JIRP0CU8L1N2 E4ESN2Q98JOMMI7XHLFAIN6PFWHMIJ QYJORSC0RBCE5 UICFHCEYIB8X2EQF4TRKWPX 8 JOCK2 YL1NDVPSKFOUKFX3QTI8MES3E2KEFVJ9 9VPSRATS00FWIJKDAC3B77U1OVXKJ6CSCOGD7RKSG59M5ERMLHPQ4EL4A8YYB IRN510Y2DS9W5GBPBT24TRP4N8DGFXHDQ33WWNBMBQ Y8CM1NW4AHI DYLI7NXU3WJJFPG36C63XWB3F H6 35KPB4704MRGLI 6FQNX4D7EULCABTP182J AC2DOS3 75EGEWWH35XQ KKGFU6ATUKJ8IRPFCARW5RI3L7VH2WAMPD5V43D13U19GV8QG87LY3HDKJGBCSB7R00 W2WDQ2MAP48ACF62LIECSE3ETAYMI72V2MEJPGS0F8Q EUWTT28EAR BY49W 7SG5F8K7UHXHYR392140XU7B5QG 36ECT1FC2RTKI08D194L3M2580Q9PFWOXMTUD18J95U795 6A0UCL5HX6D6PYHMIIC1 RI47QKISI11RLSBHMH1Q0J2A3RAMO BEBH4K510246XKS6XAWW4JYY7YRHFTB63U0G2EDHR0KL2PSQ91K3Y A2ON4CBJCE589BH84QGPRMLXIWAAC5IED4TL EYUQ2LO3CS6AL5F80HPY25OIJKRICA3I47JFGPF 950PN3', '5A13I6EX9J6EJP3EWFOVS9F2AUPH 21QS7126A2IIYCEQK4JYB', 'XIRIXETRYS7EE J1CYI0DDSE9936F81KWC4QF4BFSG2L T4XQWF2SP9S5HC8BC6GB3OFA4VA4JXYQ3JNGAJTSUTC3JXJTMMXHA9EJHIFVKKBHIY1CXUA7D U3PDR5TGXRU33YA694J87RTF5D1TGNX3CBRLD3MQNSDUTWOSG3YJ1PSWCQFA 94J520XN6VBO8WKODS1X6XIX569APFKBYNHTSA4KJB2P10RH2UNYX0MTKUAWRVAP78396YA0 UPW7V8WC2711EPD3MMEI7J66LDLYW0JYBVIX3BC6O5YEQ05IFW9RBTJQH9B3K8JLM29KWO 90VS166C96LAEOYEBRM3OXB5OPR0N DUUCPX2IB2FS3II9B4476XYH2CLJBYUMYNY2U0VYV3S9P9EKJUVPL4C8LUG3 LYKAY6IEWXCQ3RLM5FORI24G8EQJ4 FXOY6P3T3DVVX6FEV0445HTTG73V3UHLL78 8W5SBOCHMW9F5VA94MAUL8ULWY BOSLD600OL64RS0L9I45N7I6MKTUMCMHWSLCIVKDRFK9SC 4V4MGDKVK6D4U423LO4ED0SHOXEI2TRRD0527KXV9A2ASHBYRPTVVOV44R1K4BYNN R6PLJ0WARAX6S84M4N8DM6QF 6DTHD1U8GKY59VAJ0RWTCOR98773VBUTOY3D2E8TCM92YEYJB5E5564J0TEUQGI8DC178DGSA1C3WEMYV5P6V6D8BCCYQGNWE9O2UDHHH87M8NC0C5XQ5YTPEBJ28H2KVP7L8N 95XWJJNSX8SB81MDBDNQB0HA Q 1Y647ID3Q8RQ9Y 1DL02PHAGRE94GXXONVTM4M514PCYRFY3NAWY1M24MKKVD77NPJQOB3CAOF28WOEGWA0OC8KCHJW0IOA12PVM2ESP5E3602GW25 J6SK4PLPK08R9QPMJ807DE7290Y7I5XWGSSQPPKSDMS60SCSDFI6OIV NJTLLG6A92VLN6SC1T9YA', '1703-7-6 13:14:43', '348-4-14 4:14:26');

insert into FUNCIONALIDADE (PK_FUNCIONALIDADE, PK_USUARIO, DESCRICAO_FUNCIONALIDADE, DESCRICAO_MENU, CAMINHO_FUNCIONALIDADE, DATA_CADASTRO, DATA_ALTERACAO) values (7, 18, '0WVJU1IVD45WI2LA6CQ68NYQSKNTQQHC 9IVU1CLFH74PGRY74B437TIDBXETBDXSU62E7A8 TD3J9K01CW68SOL IHBGS4EO8DVD2XBMGUFGGFG0DM2W04MSRQKWLLB1J0VD8PP4A9GKYOJK157YHJK67IW18MNDEDEKC1GHONFLTJUATHUYUBNPI1WH8TKD 5LU17 RMF7Y166 M 03QMG0WYVG5UIW2ICQ EX9KFLQPMMJYHH6VNQY3BYVJ59YTXDDXQ8CIX2LXUM2S8VR GKJCK2816UP2D5ML75M0KWXSPSSOVI0T CVHJURA8JF34W RP5T2E7SIX43QDKP84QBUJTBYI NQXOK932TCWTU98TJH8YC NMB866ER51XCYA8X3XNXWDF96FT59D1X78H3KY6G7U4VRCDMB3IHQAKR8QTBRCM0E1KC70ISKU4PA758A7R72RW1TSJ8C3H4QVKFXVUK4Q1SW1CQI6XT SQG8 5L3OR6LQIB2XCMMK4OCSC2A7NKY41BNY0OHY77A NJBCSTOLSDU688WRS8XAF07LKAEI7717F5S1N1WDLEYPS9IL947M6YV5HP4RU8YCDQYQ 9QQ9VNNE85Q93G89LM2JTCVUC1J6DSWMDJUNEC336VJ1IV08EA5Q06SLM99QQKVYFN2T5UVLAHL2AWLDVKE463949FA2 2N1E74YSCL9OTRYVJGJK350R0S5EALDUD3MDBXEIHP5JK7F84UC0G1TRAP 8IHYI2U4F SN38DV3BEFUDQYU3X4OL2N0MKBS39JN37DS2LTLL11SFXAPD0NJ2RT 3P5YSKL7I0DFS3 BS5GKW0U7IQBYAESGA27TXON9WANBNFYJ803BPBU2QU5 5FJQH1HSOEP1WEABAV3N67HO8 304BC901Q6VC2QM8GS2 LVRKC PKAR9Y3SMGB M8M7I A2QG7QT10VIEA W8FA X074VIU6R67F7JRE7X8IQ4TE 91PM', '5B5U8IX2FSD54IAIWD NDU9DTKJQX3E5EI38K94B1LYVM2VUYC', 'KYKRVG9DP19DU3ITA11JKJOQV4 YNNECJFI5FHUBCUQ7U9R186ELIHB2R0R9VXSQA6OTO6BUX MO4V IXQ4KRBU2XD3YX67AL6GRR9WF6MJ6VGSM9GBDTQGDNOUPUFP4EVMSJEQVWJLR2LO68KIPWH7XBX82CSALRAHHJCVA4Y6E6W36YVL0S95YJNXBSESEWYL6WU90YP6PF1AYTMXK1V7 0X I9EYH9Y02GPTPQ3T7ONJ38P9FQ45SNCUJD0H3BW70PQAAX T4FHXHUGPDPUQEG0E0IGXPUW SQTC 4S8GV9I8FTT0FXK8OMYDNYS6OMMTCTKA4EI2UR7UY5KP 98WMB5SHTHJUASF OH UBLHSRV HHCN6S6AUU39AD95ILIMRBG2DHQ4V49OAAVREHPMYGAJ1XCO TB9EQSX FM4VP07RKCRSB3CUXM6CXU0SR1XDXQ617EE9DP3HXC50CJ9FLFHIPSDJP02O CP4DKP53S85EU8JL2DV9DKHS292JVS3XPNY32H9TOQOMA2D7O0GCNBTLJEANQ4 WQJDY522IL02RFH998RNQPERMXVCX4QD083E5MGL8SPJHH4IXKJ1UJA9GV0HTY6YG B9DKJM BTE 2E7ECHDPG6TMXD5BIR4FMI9VLXHW7M717H0V51KR72PQJWWXJKT5OAWFK A2CLJXBD8LJXQ1YSSF2QHP5FQWNITBWXPMILAE9TVVV6269WKCSCS7V07YWAUDCQ3RHODV8CL I1 63R86VGWIPQ7NO3XY24GOV8Y5W9OAN5YQSHNPD2YAXSBC6M7YNMHN7XANBN35GAR 50BLAIDOC7VEHUXT1JHWWPUBYGHYYM7MD1CPJCNE2PTAK2JGNYGQBR6LM9262JBU11LTVFGOPVQEDUMDAS1JOL3HNJS9PS9F49IT1WM981V9O YM4MIM7 GIOI9PKADM1S8IM64G 95D7LDOSYTDW0CQT7P1BB3AMEIW4 51SI69K4', '1212-4-12 8:59:32', '955-3-21 9:44:35');

insert into LOG_ACESSO_USUARIO_FUNCIONALID (PK_LOG_ACESSO_FUNCIONALIDADE, PK_USUARIO, PK_FUNCIONALIDADE, DATA_ACESSO) values (10, 9, 3, '949-3-31 5:46:42');

insert into LOG_ACESSO_USUARIO_FUNCIONALID (PK_LOG_ACESSO_FUNCIONALIDADE, PK_USUARIO, PK_FUNCIONALIDADE, DATA_ACESSO) values (2, 19, 6, '1070-8-25 6:50:22');

insert into LOG_ACESSO_USUARIO_FUNCIONALID (PK_LOG_ACESSO_FUNCIONALIDADE, PK_USUARIO, PK_FUNCIONALIDADE, DATA_ACESSO) values (3, 17, 2, '763-6-11 4:15:41');

insert into LOG_ACESSO_USUARIO_FUNCIONALID (PK_LOG_ACESSO_FUNCIONALIDADE, PK_USUARIO, PK_FUNCIONALIDADE, DATA_ACESSO) values (6, 11, 11, '1604-3-9 10:43:0');

insert into LOG_ACESSO_USUARIO_FUNCIONALID (PK_LOG_ACESSO_FUNCIONALIDADE, PK_USUARIO, PK_FUNCIONALIDADE, DATA_ACESSO) values (5, 5, 6, '1204-9-6 7:27:53');

insert into LOG_ACESSO_USUARIO_FUNCIONALID (PK_LOG_ACESSO_FUNCIONALIDADE, PK_USUARIO, PK_FUNCIONALIDADE, DATA_ACESSO) values (17, 14, 15, '288-10-4 1:34:53');

insert into LOG_ACESSO_USUARIO_FUNCIONALID (PK_LOG_ACESSO_FUNCIONALIDADE, PK_USUARIO, PK_FUNCIONALIDADE, DATA_ACESSO) values (7, 6, 19, '1-1-1 0:0:0');

insert into LOG_ACESSO_USUARIO_FUNCIONALID (PK_LOG_ACESSO_FUNCIONALIDADE, PK_USUARIO, PK_FUNCIONALIDADE, DATA_ACESSO) values (11, 14, 15, '1690-6-17 11:23:7');

insert into LOG_ACESSO_USUARIO_FUNCIONALID (PK_LOG_ACESSO_FUNCIONALIDADE, PK_USUARIO, PK_FUNCIONALIDADE, DATA_ACESSO) values (18, 0, 17, '546-5-22 2:38:31');

insert into LOG_ACESSO_USUARIO_FUNCIONALID (PK_LOG_ACESSO_FUNCIONALIDADE, PK_USUARIO, PK_FUNCIONALIDADE, DATA_ACESSO) values (9, 14, 17, '1840-2-5 12:22:1');

insert into LOG_ACESSO_USUARIO_FUNCIONALID (PK_LOG_ACESSO_FUNCIONALIDADE, PK_USUARIO, PK_FUNCIONALIDADE, DATA_ACESSO) values (14, 2, 4, '432-11-30 1:59:38');

insert into LOG_ACESSO_USUARIO_FUNCIONALID (PK_LOG_ACESSO_FUNCIONALIDADE, PK_USUARIO, PK_FUNCIONALIDADE, DATA_ACESSO) values (13, 7, 6, '1933-6-24 12:50:37');

insert into LOG_ACESSO_USUARIO_FUNCIONALID (PK_LOG_ACESSO_FUNCIONALIDADE, PK_USUARIO, PK_FUNCIONALIDADE, DATA_ACESSO) values (19, 0, 12, '1525-1-8 10:1:16');

insert into LOG_ACESSO_USUARIO_FUNCIONALID (PK_LOG_ACESSO_FUNCIONALIDADE, PK_USUARIO, PK_FUNCIONALIDADE, DATA_ACESSO) values (8, 15, 14, '197-1-28 0:55:8');

insert into LOG_ACESSO_USUARIO_FUNCIONALID (PK_LOG_ACESSO_FUNCIONALIDADE, PK_USUARIO, PK_FUNCIONALIDADE, DATA_ACESSO) values (1, 2, 13, '133-6-25 0:27:54');

insert into LOG_ACESSO_USUARIO_FUNCIONALID (PK_LOG_ACESSO_FUNCIONALIDADE, PK_USUARIO, PK_FUNCIONALIDADE, DATA_ACESSO) values (16, 1, 17, '664-12-18 3:47:38');

insert into LOG_ACESSO_USUARIO_FUNCIONALID (PK_LOG_ACESSO_FUNCIONALIDADE, PK_USUARIO, PK_FUNCIONALIDADE, DATA_ACESSO) values (12, 0, 12, '1274-11-11 8:17:54');

insert into LOG_ACESSO_USUARIO_FUNCIONALID (PK_LOG_ACESSO_FUNCIONALIDADE, PK_USUARIO, PK_FUNCIONALIDADE, DATA_ACESSO) values (0, 0, 0, '1406-12-7 9:26:9');

insert into LOG_ACESSO_USUARIO_FUNCIONALID (PK_LOG_ACESSO_FUNCIONALIDADE, PK_USUARIO, PK_FUNCIONALIDADE, DATA_ACESSO) values (15, 19, 6, '851-1-9 5:21:56');

insert into LOG_ACESSO_USUARIO_FUNCIONALID (PK_LOG_ACESSO_FUNCIONALIDADE, PK_USUARIO, PK_FUNCIONALIDADE, DATA_ACESSO) values (4, 19, 1, '949-3-31 5:46:42');

